Rank,miRNA,MI_Score
1,11102 : hsa-miR-410,0.1825919081292613
2,147709 : hsa-miR-3185,0.17827196379674692
3,168791 : hsa-miR-4785,0.177509835094936
4,42734 : hsa-miR-2110,0.17666944840748
5,168883 : hsa-miR-3689d,0.17663721426545642
6,42970 : hsa-miR-744-3p,0.1749957224987262
7,46361 : hsa-miR-1278,0.15443821824494108
8,169159 : hsa-miR-4521,0.15354236382732256
9,147897 : hsa-miR-3136-5p,0.152945659370894
10,169391 : hsa-miR-513a-3p,0.1529275358158586
11,168868 : hsa-miR-5681b,0.14806061631101874
12,46295 : hsa-miR-1286,0.14423580396674618
13,46565 : hsa-miR-1207-5p,0.14060230097490423
14,13147 : hsa-miR-96-5p,0.13998034021868833
15,46647 : hsa-miR-1324,0.13916496540938805
16,148493 : hsa-miR-3613-3p,0.1386281700255072
17,11074 : hsa-miR-34c-5p,0.13729477396622913
18,42681 : hsa-miR-1307-3p,0.13656735386679997
19,169211 : hsa-miR-5704,0.135337461183882
20,32731 : hsa-miR-190b,0.1344960620551765
21,169314 : hsa-miR-4668-3p,0.1341754719698185
22,168626 : hsa-miR-4662a-5p,0.13346730451966726
23,168631 : hsa-miR-4723-5p,0.13234977195803865
24,42837 : hsa-miR-577,0.13141962701396115
25,148228 : hsa-miR-3656,0.13102988257423975
26,42591 : hsa-miR-634,0.13061079585037216
27,147203 : hsa-miR-302a-3p,0.12937652563974522
28,147870 : hsa-miR-548s,0.12922796456722452
29,17882 : hsa-miR-20b-3p,0.12899891247376893
30,46869 : hsa-miR-1258,0.12833929907986663
31,46398 : hsa-miR-513c-5p,0.12771007086648845
32,46689 : hsa-miR-1229,0.12770803655994278
33,46320 : hsa-miR-31-3p,0.12580888669958679
34,168900 : hsa-miR-4721,0.12507453670628932
35,168649 : hsa-miR-3129-3p,0.12479996324363407
36,168899 : hsa-miR-1285-5p,0.12440551856442417
37,13140 : hsa-miR-138-5p,0.12440513645253137
38,148306 : hsa-miR-381,0.12359380768181727
39,168764 : hsa-miR-4435,0.12330167360998145
40,4700 : hsa-miR-140-5p,0.12326044079743292
41,42934 : hsa-miR-345-5p,0.12234233070512257
42,148386 : hsa-miR-2964a-5p,0.12232671728971511
43,169303 : hsa-miR-378g,0.12231271670787636
44,168875 : hsa-miR-5091,0.12230642418585469
45,46642 : hsa-miR-1276,0.12196596856232267
46,168674 : hsa-miR-4716-5p,0.12177159931115478
47,17660 : hsa-miR-550a-3p,0.1217295337392803
48,42834 : hsa-miR-219-2-3p,0.12036994244608601
49,14270 : hsa-miR-493-3p,0.1195985129402446
50,168815 : hsa-miR-4488,0.11947720834348896
51,11073 : hsa-miR-34b-5p,0.11918259164871192
52,42754 : hsa-miR-586,0.11914680825876411
53,17563 : hsa-miR-644a,0.11855931459033942
54,11004 : hsa-miR-203,0.11759444788770357
55,46321 : hsa-miR-1245a,0.1174869776703038
56,45936 : hsa-miR-1292,0.11711591730672688
57,46462 : hsa-miR-1224-5p,0.11609677497616011
58,147947 : hsa-miR-4308,0.11569143908482049
59,42673 : hsa-miR-337-3p,0.11568296660260025
60,146168 : hsa-miR-1912,0.11556978143067487
61,168870 : hsa-miR-1246,0.11543449657061822
62,42663 : hsa-miR-20a-3p,0.11462409571089616
63,147604 : hsa-miR-4285,0.11453168778657141
64,147780 : hsa-miR-4267,0.11443805436173915
65,169206 : hsa-miR-4645-3p,0.1140023676984494
66,169380 : hsa-miR-3124-3p,0.11390959506580134
67,42852 : hsa-miR-760,0.11356645550106848
68,11181 : hsa-miR-95,0.11327481940116191
69,168812 : hsa-miR-875-3p,0.11307177936895196
70,27546 : hsa-miR-380-3p,0.11260178912264363
71,42944 : hsa-miR-564,0.1122226676878082
72,148410 : hsa-miR-3676-3p,0.11120059473887056
73,146110 : hsa-miR-3164,0.11100611503311253
74,30787 : hsa-miR-125b-5p,0.11059030072029685
75,19588 : hsa-miR-17-3p,0.10966742748107627
76,169147 : hsa-miR-548am-5p,0.10903385792977272
77,11138 : hsa-miR-506-3p,0.10862873430084052
78,169068 : hsa-miR-513c-3p,0.107894395925338
79,169289 : hsa-miR-4692,0.10740501682761772
80,17953 : hsa-miR-183-3p,0.10696537434738995
81,46924 : hsa-miR-1252,0.1067163415687471
82,168804 : hsa-miR-4761-3p,0.10645195812590957
83,13179 : hsa-miR-455-5p,0.10629920303838203
84,42609 : hsa-miR-135a-3p,0.10594481517351029
85,17875 : hsa-miR-500a-5p,0.10568171791271808
86,46732 : hsa-miR-1264,0.10559066542737239
87,168696 : hsa-miR-4739,0.10511297283793497
88,148032 : hsa-miR-3685,0.10502284778086834
89,42902 : hsa-miR-185-5p,0.10492665712454441
90,147654 : hsa-miR-3138,0.10472348344347493
91,169381 : hsa-miR-4421,0.10465785087519475
92,46875 : hsa-miR-2276,0.10458615341209421
93,168798 : hsa-miR-4668-5p,0.10442154265605708
94,42532 : hsa-miR-22-5p,0.1041012834984576
95,46249 : hsa-miR-449b-5p,0.10404038246863956
96,27544 : hsa-miR-363-5p,0.10387489940332206
97,42692 : hsa-miR-127-5p,0.10362189291795798
98,147627 : hsa-miR-4294,0.10358969622935499
99,33596 : hsa-miR-126-5p,0.10318425970835876
100,42971 : hsa-miR-96-3p,0.10306601579567576
101,29883 : hsa-miR-606,0.10302674947094026
102,46752 : hsa-miR-1270,0.10291378194606904
103,147997 : hsa-miR-3934,0.10285480381619894
104,42576 : hsa-miR-342-5p,0.10246578954995766
105,168925 : hsa-miR-1273g-3p,0.10188987109979575
106,147817 : hsa-miR-3196,0.10179417830175863
107,169406 : hsa-miR-376b,0.10146666232837642
108,146009 : hsa-miR-376a-3p,0.10123307779939283
109,169230 : hsa-miR-4747-3p,0.10080059427098376
110,46810 : hsa-miR-1827,0.10051414518610202
111,10976 : hsa-miR-182-3p,0.10034600711844122
112,17848 : hsa-miRPlus-A1087,0.10031727863827689
113,5250 : hsa-miR-105-5p,0.09980926323178307
114,147562 : hsa-miR-4253,0.09979470924023204
115,168606 : hsa-miR-4633-5p,0.099771630225862
116,168922 : hsa-miR-5584-3p,0.09953242725856137
117,147506 : hsa-miR-21-5p,0.09934196545149976
118,169065 : hsa-miR-378h,0.09920421255153444
119,169081 : hsa-miR-4707-3p,0.0991702454323673
120,31076 : hsa-miR-559,0.09899355868003457
121,169102 : hsa-miR-4639-3p,0.09892562037681008
122,42736 : hsa-miR-148b-5p,0.0989229875459412
123,147921 : hsa-miR-3131,0.09883250226878504
124,168666 : hsa-miR-4659a-5p,0.0987459890897302
125,146064 : hsa-miR-718,0.09849172135947004
126,148285 : hsa-miR-3941,0.0984831309353118
127,169414 : hsa-miR-525-5p,0.09847254105859227
128,168650 : hsa-miR-3121-5p,0.0984231815261929
129,17918 : hsa-miR-222-5p,0.09806850191281913
130,145677 : hsa-miR-139-5p,0.09783208405441912
131,46704 : hsa-miR-548i,0.09717360140970221
132,11052 : hsa-miR-31-5p,0.09713776643080019
133,19582 : hsa-miR-106b-5p,0.09688375203270905
134,42556 : hsa-miR-889,0.09687658618111405
135,42599 : hsa-miR-153,0.0966941435514792
136,168658 : hsa-miR-5196-5p,0.09641835296317303
137,46517 : hsa-miR-1266,0.09638261594880793
138,13130 : hsa-miR-517-5p,0.09595573423180626
139,28759 : hsa-miR-758,0.09575899203708294
140,169032 : hsa-miR-4737,0.09558108644432939
141,169029 : hsa-miR-4471,0.09511805046301203
142,17630 : hsa-miR-588,0.09508275955171741
143,148467 : hsa-miR-3939,0.09460158401484664
144,42788 : hsa-miR-924,0.09451605005209629
145,169117 : hsa-miR-4759,0.0944282597815238
146,145670 : hsa-miR-18b-5p,0.09442386828984439
147,168856 : hsa-miR-4494,0.0944068143266017
148,42783 : hsa-miR-197-3p,0.09427044016749941
149,169028 : hsa-miR-4708-3p,0.09420082148898912
150,42739 : hsa-miR-339-5p,0.09419694944967039
151,168819 : hsa-miR-200a-3p,0.09412101992868882
152,168951 : hsa-miR-548as-3p,0.0939498593778545
153,30033 : hsa-miR-877-5p,0.09381743982116686
154,42926 : hsa-miR-92a-1-5p,0.09361921604790746
155,168659 : hsa-miR-4438,0.09334746152087359
156,46427 : hsa-miR-1248,0.0932502071158825
157,147572 : hsa-miR-3120-3p,0.09314764456728519
158,146136 : hsa-miR-518d-5p,0.09280263275786926
159,11040 : hsa-miR-29b-3p,0.09226108834501967
160,169232 : hsa-miR-3156-3p,0.09216821518420781
161,148685 : hsa-miR-202-3p,0.09205360306074817
162,169241 : hsa-miR-5571-3p,0.09183995410389523
163,168834 : hsa-miR-5571-5p,0.09182711276554367
164,148234 : hsa-miR-3667-5p,0.09180879584850565
165,17814 : hsa-miR-570-3p,0.09175143454058654
166,11134 : hsa-miR-502-5p,0.09162598701610203
167,168906 : hsa-miR-4703-3p,0.09158800681291512
168,42810 : hsa-miR-149-5p,0.09157113363290281
169,168668 : hsa-miR-4732-3p,0.09145229121769405
170,11063 : hsa-miR-330-3p,0.0914079702210433
171,27740 : hsa-miR-574-5p,0.09138036978358821
172,46746 : hsa-miR-1269a,0.091363585210956
173,145833 : hsa-miR-596,0.09135291855620475
174,169048 : hsa-miR-4736,0.09114959188991412
175,46940 : hsa-miR-548g-3p,0.09113832225315699
176,145754 : hsa-miR-523-3p,0.09073981466237346
177,169238 : hsa-miR-4654,0.09063007433947146
178,169313 : hsa-miR-4800-3p,0.09046243720481795
179,147199 : hsa-miR-27b-3p,0.09012411796456621
180,42496 : hsa-miR-181c-5p,0.08983280959869244
181,31349 : hsa-miR-524-3p,0.08982069154665995
182,46214 : hsa-miR-1250,0.08976045630487173
183,168602 : hsa-miR-4666a-3p,0.08949229131611158
184,42581 : hsa-miR-513a-5p,0.08930854662733201
185,169321 : hsa-miR-4691-3p,0.08922015751349965
186,169329 : hsa-miR-370,0.08917287189935075
187,147767 : hsa-miR-4279,0.0890577165722446
188,147883 : hsa-miR-3191-3p,0.08900832878042753
189,17377 : hsa-miR-600,0.08898146580988286
190,42525 : hsa-miR-671-3p,0.08889249200235616
191,168588 : hsa-miR-548at-3p,0.08888020664642649
192,147514 : hsa-miR-494,0.08876604301947078
193,46925 : hsa-miR-1277-3p,0.08870170161096746
194,168998 : hsa-miR-4508,0.08815117258449567
195,27536 : hsa-miR-190a,0.08813428402888879
196,29575 : hsa-miR-32-3p,0.08802245637054384
197,148049 : hsa-miR-3924,0.08777726027797272
198,29490 : hsa-miR-7-5p,0.08770541442966295
199,169372 : hsa-miR-5011-3p,0.08756865962588556
200,42696 : hsa-miR-943,0.08747525216033125
201,145717 : hsa-miR-516a-3p,0.08745238535835242
202,146131 : hsa-miR-2117,0.08724147997611054
203,169319 : hsa-miR-3136-3p,0.08703152005320725
204,168702 : hsa-miR-4540,0.08696536450606263
205,146085 : hsa-miR-3170,0.08694474411857844
206,145987 : hsa-miR-2054,0.08692170353396733
207,46419 : hsa-miR-1185-5p,0.08673646126120649
208,169120 : hsa-miR-4787-3p,0.0866838703026851
209,169141 : hsa-miR-4423-3p,0.08651718155859656
210,42676 : hsa-miR-495,0.08643132115237018
211,169223 : hsa-miR-4680-3p,0.08633166142964366
212,169338 : hsa-miR-4727-5p,0.08625688379388508
213,148215 : hsa-miR-3591-3p,0.08620848077567933
214,28396 : hsa-miR-767-3p,0.08615793697510488
215,42801 : hsa-miR-92a-2-5p,0.08603223020461903
216,169244 : hsa-miR-5572,0.08580910726029689
217,148648 : hsa-miR-1261,0.08556912908066527
218,46272 : hsa-miR-1200,0.08545265104508815
219,168758 : hsa-miR-4425,0.08541077079640491
220,46614 : hsa-miR-1323,0.08537841118312262
221,168724 : hsa-miR-4529-3p,0.08519451747897722
222,169130 : hsa-miR-4764-3p,0.08486291123107859
223,169411 : hsa-miR-205-3p,0.0848372948025713
224,32884 : hsa-miR-342-3p,0.08478863188068408
225,169366 : hsa-miR-548ae,0.08473941679263497
226,17936 : hsa-miR-16-1-3p,0.08442923808558511
227,169124 : hsa-miR-548aj-3p,0.08427638833205031
228,145914 : hsa-miR-135b-5p,0.08418159913912371
229,46929 : hsa-miR-548n,0.0841259678044981
230,169192 : hsa-miR-4437,0.08400712611134353
231,168960 : hsa-miR-4436a,0.08391247022755088
232,147584 : hsa-miR-548t-5p,0.08389833415070425
233,169416 : hsa-miRPlus-A1086,0.08373186533653354
234,168619 : hsa-miR-1260b,0.08365430879393165
235,148132 : hsa-miR-3622a-3p,0.08361239637293316
236,168624 : hsa-miR-5581-5p,0.083419813676755
237,46796 : hsa-miR-1302,0.08337274981551213
238,168939 : hsa-miR-4738-5p,0.08303205154148174
239,46741 : hsa-miR-1295a,0.08287995168000628
240,148284 : hsa-miR-208b,0.08266681656021535
241,42674 : hsa-miR-431-3p,0.08239272511619511
242,169154 : hsa-miR-4803,0.08211766709302815
243,147779 : hsa-miR-3180-3p,0.08207498848125416
244,46401 : hsa-miR-519a-3p,0.08203492706736948
245,168734 : hsa-miR-4465,0.08169624169422551
246,17325 : hsa-miR-643,0.08167548546694481
247,169365 : hsa-miR-3974,0.08148561766076168
248,11121 : hsa-miR-489,0.08128923056434312
249,17613 : hsa-miR-645,0.08115718164725005
250,145999 : hsa-miR-517a-3p,0.08115234364250212
251,46266 : hsa-miR-1825,0.08097067980983885
252,46404 : hsa-miR-1244,0.0807676513691662
253,168933 : hsa-miR-5581-3p,0.08047602266494813
254,168984 : hsa-miR-4637,0.08026033301351543
255,145750 : hsa-miR-614,0.0800907364210468
256,168616 : hsa-miR-4536-3p,0.08000227767819434
257,17546 : hsa-miR-585,0.07993329978057373
258,46450 : hsa-miR-548o-3p,0.07987198407748597
259,168849 : hsa-miR-4635,0.07976365087909132
260,169225 : hsa-miR-640,0.07960417871482761
261,146005 : hsa-miR-3129-5p,0.0794060295753638
262,169126 : hsa-miR-4486,0.07910661855311218
263,147816 : hsa-miR-3162-5p,0.07909678352565996
264,145821 : hsa-miR-518c-5p,0.07909066836955159
265,11148 : hsa-miR-515-3p,0.07907999190252157
266,169031 : hsa-miR-4726-5p,0.07902497379093432
267,168663 : hsa-miR-4442,0.07894717764397918
268,169024 : hsa-miR-3960,0.07892508855884284
269,169316 : hsa-miR-3976,0.07877628723598984
270,17824 : hsa-miRPlus-A1025,0.07853952737416692
271,148371 : hsa-miR-3620,0.07852940444707124
272,42667 : hsa-miR-302b-5p,0.07833234927816823
273,29460 : hsa-miR-553,0.07829962896896059
274,145708 : hsa-miR-324-3p,0.07827795306976748
275,148481 : hsa-miR-3646,0.07815642513717602
276,17917 : hsa-miR-873-5p,0.07814941383900642
277,28884 : hsa-miR-876-3p,0.07813985749824481
278,42514 : hsa-miR-937,0.07805039189648255
279,169200 : hsa-miR-4677-5p,0.07799748937515649
280,168971 : hsa-miR-4449,0.07795652701230105
281,10954 : hsa-miR-147a,0.07778497877514146
282,145844 : hsa-miR-374a-5p,0.07767247276931921
283,147632 : hsa-miR-4297,0.07761645734373812
284,10985 : hsa-miR-191-5p,0.07750671064006687
285,169188 : hsa-miR-4443,0.07747924059682365
286,42808 : hsa-miR-874,0.07737729775181856
287,42818 : hsa-miR-597,0.07731796592178619
288,13171 : hsa-miR-429,0.07731405963225635
289,168684 : hsa-miR-5010-5p,0.07720642343106165
290,147904 : hsa-miR-3148,0.07707566213290895
291,46335 : hsa-miR-548m,0.07703088494847043
292,169021 : hsa-miR-4646-5p,0.07695704495961997
293,14313 : hsa-miR-499a-5p,0.07695224766778064
294,42940 : hsa-miR-876-5p,0.07691777475918271
295,31867 : hsa-miR-145-3p,0.0768815495611237
296,169323 : hsa-miR-4723-3p,0.07672338751656271
297,169083 : hsa-miR-371b-3p,0.07671793941886462
298,168583 : hsa-miR-539-3p,0.07641909365674637
299,168915 : hsa-miR-4780,0.07640939014113846
300,169100 : hsa-miR-4758-3p,0.07629009593558966
301,147660 : hsa-miR-4296,0.076260834813215
302,17289 : hsa-miR-616-5p,0.07624834389251434
303,168634 : hsa-miR-548av-5p,0.07623954388656995
304,46275 : hsa-miR-1251,0.0762287104964181
305,42523 : hsa-miR-26b-3p,0.0761403802363334
306,29529 : hsa-miR-369-3p,0.07607796722184856
307,145696 : hsa-miR-655,0.07603624668036191
308,42778 : hsa-let-7g-3p,0.07571291715606732
309,147819 : hsa-miR-3117-3p,0.0756674420650516
310,145857 : hsa-miR-154-5p,0.0755184360012382
311,169397 : hsa-miR-3184-5p,0.07543518384747827
312,169193 : hsa-miR-4725-5p,0.07530973589610235
313,145678 : hsa-miR-150-5p,0.07527069814964182
314,42507 : hsa-miR-202-5p,0.07526387980225713
315,168825 : hsa-miR-4729,0.07519910849516576
316,169143 : hsa-miR-4459,0.07494928614434193
317,147570 : hsa-miR-4271,0.07491886545840698
318,145727 : hsa-miR-501-3p,0.07478298810622452
319,42538 : hsa-miR-196a-3p,0.07473728465259466
320,42941 : hsa-miR-218-1-3p,0.07468770068939912
321,169123 : hsa-miR-3184-3p,0.07450934519428354
322,17490 : hsa-miR-571,0.0743161506244554
323,17569 : hsa-miR-563,0.07412388264240533
324,42640 : hsa-miR-20b-5p,0.07410450584159589
325,42446 : hsa-miR-576-5p,0.07407947866362452
326,42969 : hsa-miR-10b-3p,0.07403371115885382
327,168802 : hsa-miR-4516,0.07394895350303865
328,147623 : hsa-miR-4304,0.07343701506180556
329,148265 : hsa-miR-3935,0.07324706232524303
330,46281 : hsa-miR-1291,0.07285344570357322
331,145798 : hsa-miR-142-5p,0.07257813987443495
332,42950 : hsa-miR-24-2-5p,0.07256964698385504
333,169255 : hsa-miR-4708-5p,0.07245597464867459
334,145633 : hsa-let-7d-3p,0.0724148509367537
335,147667 : hsa-miR-3182,0.0723150865233726
336,46750 : hsa-miR-1254,0.07217091547490884
337,42848 : hsa-miR-1180,0.0719281632383375
338,45736 : hsa-miR-548f,0.07162335772653838
339,27549 : hsa-miR-548d-3p,0.07159506737210375
340,169265 : hsa-miR-4733-3p,0.07158461173072439
341,169328 : hsa-miR-4769-5p,0.07155749814272738
342,42703 : hsa-miR-490-3p,0.07150234032736558
343,169050 : hsa-miR-4787-5p,0.07143211698181418
344,169202 : hsa-miR-1277-5p,0.07142916386966625
345,169026 : hsa-miR-4679,0.07133108674682442
346,14300 : hsa-miR-29c-5p,0.07122800463026602
347,168743 : hsa-miR-548ad,0.07094175668666347
348,147793 : hsa-miR-4252,0.0709400532749549
349,147595 : hsa-miR-3178,0.07089197860783436
350,46415 : hsa-miR-548l,0.07080213338120056
351,42451 : hsa-miR-139-3p,0.0707025684075222
352,42543 : hsa-miR-608,0.07069476921734985
353,169336 : hsa-miR-17-5p,0.07066015237684065
354,169186 : hsa-miR-4520a-3p,0.0705080143709258
355,168747 : hsa-miR-4520b-3p,0.07049132752003562
356,42483 : hsa-miR-522-3p,0.07045536342851855
357,17928 : hsa-miR-181a-2-3p,0.07042374161794696
358,42777 : hsa-miR-548am-5p,0.07020990596836918
359,42509 : hsa-miR-219-5p,0.07010563164976258
360,42635 : hsa-miR-541-3p,0.070074822585114
361,169204 : hsa-miR-4709-3p,0.07006475721065208
362,168938 : hsa-miR-5692a,0.07005782018585638
363,145852 : hsa-miR-210,0.0699870285464157
364,168770 : hsa-miR-4699-3p,0.06966450550068704
365,146061 : hsa-miR-1914-3p,0.0695415255657601
366,46454 : hsa-miR-520g,0.06944144974470046
367,27838 : hsa-miR-302d-3p,0.06934966810627596
368,14854 : hsa-miR-569,0.06917083134538271
369,46222 : hsa-miR-1228-5p,0.069151822248676
370,46747 : hsa-miR-1263,0.06885076720168026
371,147186 : hsa-miR-200b-3p,0.06882825756890343
372,169178 : hsa-miR-4665-5p,0.06869910888285324
373,168646 : hsa-miR-4731-3p,0.06868759708274674
374,168958 : hsa-miR-2681-5p,0.06868517223924231
375,42562 : hsa-miR-105-3p,0.06867761291118324
376,42460 : hsa-miR-223-5p,0.0686572547887585
377,168561 : hsa-miR-1245b-5p,0.06862823590334854
378,46860 : hsa-miR-1205,0.0685494773115991
379,46762 : hsa-miR-3928,0.06853033824587151
380,30493 : hsa-miR-548a-5p,0.06843322897400594
381,169349 : hsa-miR-4517,0.06839447206714833
382,17593 : hsa-miR-650,0.0683770499271692
383,46690 : hsa-miR-1238,0.06831879128440188
384,169169 : hsa-miR-5684,0.06820523660876554
385,10967 : hsa-miR-16-5p,0.06816759163105246
386,168660 : hsa-miR-5000-5p,0.06809685708393487
387,148098 : hsa-miR-374b-5p,0.0680136945258143
388,169160 : hsa-miR-4633-3p,0.06801121052904269
389,10946 : hsa-miR-141-3p,0.0679718369569593
390,10972 : hsa-miR-181b-5p,0.06796692865727927
391,145640 : hsa-miR-328,0.06770156273165195
392,147772 : hsa-miR-4303,0.0677011062589572
393,169318 : hsa-miR-4649-3p,0.06752323169707841
394,14266 : hsa_negative_control_4,0.06745787879365683
395,32095 : hsa-miR-624-3p,0.06744028560572346
396,4040 : hsa-miR-9-5p,0.06731304046027753
397,169361 : hsa-miR-4481,0.06727910012917526
398,46696 : hsa-miR-1234,0.06715389913801606
399,169092 : hsa-miR-548am-3p,0.0671161596559895
400,169402 : hsa-miR-625-3p,0.06699023827142203
401,147827 : hsa-miR-3130-3p,0.06696512365435581
402,46634 : hsa-miR-1281,0.06693830979908921
403,145826 : hsa-miR-18b-3p,0.0668548995160092
404,42729 : hsa-miR-34c-3p,0.06675046042036636
405,42615 : hsa-miR-135b-3p,0.06673231136753821
406,11061 : hsa-miR-329,0.06663273914241552
407,17566 : hsa-miR-629-3p,0.06658963701666432
408,33043 : hsa-miR-544a,0.06656809169982525
409,46411 : hsa-miR-1203,0.06640663096238009
410,148351 : hsa-miR-3945,0.06635539491129805
411,147763 : hsa-miR-4272,0.06633161861326853
412,168912 : hsa-miR-4446-3p,0.06619963405042961
413,17625 : hsa-miR-627,0.06618891513242886
414,168595 : hsa-miR-1185-2-3p,0.06612870806448123
415,168657 : hsa-miR-5001-3p,0.06610527298811064
416,11111 : hsa-miR-432-5p,0.06608514081547989
417,148231 : hsa-miR-3918,0.06601949215428715
418,11020 : hsa-miR-22-3p,0.06601486877951923
419,46301 : hsa-miR-621,0.0659742101170333
420,145976 : hsa-miR-663b,0.06586970239935819
421,168636 : hsa-miR-122-5p,0.06576356396421423
422,168894 : hsa-miR-3978,0.06561463459819472
423,168648 : hsa-miR-4687-5p,0.06561343896733107
424,169205 : hsa-miR-4640-3p,0.06557805913823134
425,145734 : hsa-miR-33b-3p,0.0653794927449114
426,169325 : hsa-miR-4446-5p,0.06514620543346772
427,147879 : hsa-miR-3132,0.06509912258706474
428,168982 : hsa-miR-4757-3p,0.06508584259800565
429,147835 : hsa-miR-3143,0.06505571452976033
430,46705 : hsa-miR-548k,0.06504403049524043
431,148489 : hsa-miR-3674,0.06496548716140826
432,46443 : hsa-miR-193a-5p,0.06496172869212358
433,17592 : hsa-miR-604,0.06495558849169036
434,168703 : hsa-miR-4716-3p,0.06492848843662657
435,169185 : hsa-miR-5187-3p,0.06489917120452415
436,148559 : hsa-miR-411-3p,0.06483611150556867
437,168917 : hsa-miR-4511,0.0648261968710444
438,169005 : hsa-miR-520b,0.06481427142820939
439,42874 : hsa-miR-16-2-3p,0.06470392642902434
440,17942 : hsa-miR-125a-3p,0.06466462341888435
441,169076 : hsa-miR-345-3p,0.06419663495673555
442,169390 : hsa-miR-4800-5p,0.0641598339605618
443,42480 : hsa-miR-485-5p,0.06398134993567828
444,169278 : hsa-miR-4525,0.06394693166413945
445,42832 : hsa-miR-638,0.06387079968743081
446,169273 : hsa-miR-548ar-3p,0.06386201486458276
447,169343 : hsa-miR-5682,0.06375358280209387
448,148086 : hsa-miR-548aa,0.06373319941848754
449,46368 : hsa-miR-1282,0.06371656799317527
450,42959 : hsa-miR-514a-3p,0.06354211444936331
451,146010 : hsa-miR-2116-5p,0.06333148885127171
452,168924 : hsa-miR-4720-5p,0.06321050499260439
453,169339 : hsa-miR-5579-3p,0.06319474866658115
454,11011 : hsa-miR-211-5p,0.06303802905764933
455,17902 : hsa-miR-15b-3p,0.06296712582460606
456,169122 : hsa-miR-5687,0.06293613067222603
457,46402 : hsa-miR-1255b-5p,0.06292920946821257
458,147669 : hsa-miR-548w,0.06253264679343085
459,146163 : hsa-miR-224-3p,0.06241778671143017
460,169177 : hsa-miR-4664-3p,0.06240852351043191
461,42542 : hsa-miR-589-5p,0.062324422613806885
462,42870 : hsa-miR-616-3p,0.062294496510595154
463,148264 : hsa-miR-3665,0.06218102911623902
464,11053 : hsa-miR-32-5p,0.0620127264112047
465,146161 : hsa-miR-2115-3p,0.061982568260939175
466,148643 : hsa-miR-642a-5p,0.06192399033706453
467,42504 : hsa-miR-593-3p,0.06188504231105729
468,42746 : hsa-miR-647,0.06178201034222086
469,42700 : hsa-miR-631,0.0614807196934668
470,168603 : hsa-miR-4664-5p,0.06146465099369336
471,168644 : hsa-miR-4775,0.0612086487261958
472,147926 : hsa-miR-4329,0.06119615964585612
473,10998 : hsa-miR-19b-3p,0.061142102142541566
474,17958 : hsa-miR-576-3p,0.06112077121776016
475,11018 : hsa-miR-218-5p,0.06107829410172072
476,147415 : hsa-miRPlus-J1011,0.061046745402567604
477,148147 : hsa-miR-181b-3p,0.06077559766799934
478,46744 : hsa-miR-526b-5p,0.06048433656854457
479,169393 : hsa-miR-4747-5p,0.06043522834528692
480,17752 : hsa-let-7f-5p,0.0603918557262928
481,42869 : hsa-miR-936,0.06036090959307017
482,148406 : hsa-miR-3684,0.06027269300715399
483,168576 : hsa-miR-4693-3p,0.06016183533935937
484,169235 : hsa-miR-4420,0.06007031521691952
485,168850 : hsa-miR-3191-5p,0.05994404016745403
486,169356 : hsa-miR-548aa,0.05974223042720217
487,148610 : hsa-miR-26a-1-3p,0.05966300781303624
488,145962 : hsa-miR-639,0.05961086342284516
489,169071 : hsa-miR-4639-5p,0.05950184594446073
490,168755 : hsa-miR-4479,0.05946082997939994
491,46850 : hsa-miR-1237,0.05943100751857888
492,169201 : hsa-miR-5047,0.059391023517873176
493,169195 : hsa-miR-4798-3p,0.059209582882203904
494,168639 : hsa-miR-4533,0.05920298863136386
495,169080 : hsa-miR-4684-5p,0.05919974225666591
496,169360 : hsa-miR-4445-5p,0.05911384940273057
497,169240 : hsa-miR-3944-5p,0.05908725857192021
498,46803 : hsa-miR-503,0.05906437642607343
499,168823 : hsa-miR-4522,0.059053283146090596
500,29872 : hsa-miR-340-5p,0.05903963947993662
501,169187 : hsa-miRPlus-C1110,0.05898363550841035
502,169233 : hsa-miR-4643,0.05881060965208307
503,148102 : hsa-miR-3619-5p,0.05874217219660505
504,42847 : hsa-miR-497-5p,0.058632603102437786
505,169320 : hsa-miR-4468,0.05854114813758615
506,46556 : hsa-miR-623,0.058407046930082585
507,169292 : hsa-miR-4717-5p,0.05828366728690115
508,147981 : hsa-miR-4325,0.05827407441713173
509,17946 : hsa-miR-192-3p,0.05823502753023746
510,169194 : hsa-miR-4513,0.05818677682781925
511,46863 : hsa-miR-3157-3p,0.058079029931066506
512,46622 : hsa-miR-518f-5p,0.05788659354701586
513,46829 : hsa-miR-664-5p,0.057790927850745355
514,169272 : hsa-miR-4419b,0.057779669617398444
515,42572 : hsa-miR-154-3p,0.05763950484060354
516,168582 : hsa-miR-4731-5p,0.057621641657039424
517,168635 : hsa-miR-378e,0.057595426726201326
518,168670 : hsa-miR-4694-5p,0.05759194055734529
519,168560 : hsa-miR-4676-5p,0.05747866160719317
520,42730 : hsa-miR-423-3p,0.05740674259039613
521,148465 : hsa-miR-3611,0.057378590974679344
522,11140 : hsa-miR-508-3p,0.05724874126010682
523,148221 : hsa-miR-3650,0.0570099582446808
524,42843 : hsa-miR-654-5p,0.05693875297231399
525,11149 : hsa-miR-515-5p,0.05691554533285159
526,168727 : hsa-miR-4426,0.05689076507692703
527,169229 : hsa-miR-4666b,0.056816645764873996
528,42949 : hsa-miR-155-3p,0.05678148489594381
529,168587 : hsa-miR-4461,0.056773632281369
530,46801 : hsa-miR-106a-5p,0.05670998092858426
531,14328 : hsa-miR-124-3p,0.05648978513091296
532,17445 : hsa-miR-610,0.0564427101783167
533,28047 : hsa-miR-890,0.05628894634369597
534,148667 : hsa-miR-617,0.05625636874804707
535,168785 : hsa-miR-520d-5p,0.056199751267012044
536,168943 : hsa-miR-4769-3p,0.056152835469917006
537,17530 : hsa-miR-641,0.05614002778175098
538,147925 : hsa-miR-3126-5p,0.05606061090798531
539,18739 : hsa-miR-186-5p,0.05598877349153031
540,148288 : hsa-miR-550b-3p,0.055913957556725125
541,168896 : hsa-miR-548ao-3p,0.05588035687818871
542,147953 : hsa-miR-491-5p,0.055812063890420927
543,168559 : hsa-miR-15a-3p,0.05558181829742703
544,17612 : hsa-miR-555,0.055518902490152344
545,46832 : hsa-miR-1202,0.05549160369539785
546,148524 : hsa-miR-3914,0.055472520293235794
547,148072 : hsa-miR-3668,0.05540727519051347
548,42769 : hsa-let-7b-3p,0.05533060566148573
549,147797 : hsa-miR-4260,0.05516375169545751
550,27533 : hsa-miR-320a,0.05515584227580206
551,147770 : hsa-miR-4276,0.055007097715666475
552,168766 : hsa-miR-4772-5p,0.054957408914703576
553,46408 : hsa-miR-1322,0.054905713211902185
554,46806 : hsa-miR-1227,0.054840929992587606
555,42892 : hsa-miR-450b-3p,0.05481664668015207
556,169163 : hsa-miR-4685-5p,0.054751988388311634
557,168672 : hsa-miR-1587,0.05465845510949241
558,168701 : hsa-miR-4728-5p,0.05446269919970126
559,46623 : hsa-miR-1273a,0.05432273066207194
560,169383 : hsa-miR-548ah-5p,0.054173342402962454
561,169317 : hsa-miR-3614-5p,0.054117586561709397
562,168839 : hsa-miR-4774-3p,0.05387286104704092
563,28191 : hsa-miR-30e-5p,0.05385463175316274
564,11165 : hsa-miR-520a-3p,0.05358110156060092
565,46483 : hsa-miR-27a-3p,0.05352220460201451
566,42508 : hsa-miR-106a-3p,0.05341531966879387
567,145715 : hsa-miR-648,0.053407719588616676
568,11139 : hsa-miR-507,0.053340201329403536
569,168625 : hsa-miR-4539,0.053340082516337706
570,168950 : hsa-miR-4646-3p,0.053267667240636474
571,46558 : hsa-miR-1268a,0.052688691090249984
572,42964 : hsa-miR-7-2-3p,0.05266741675258935
573,10952 : hsa-miR-146a-5p,0.052592771978295705
574,145736 : hsa-miR-605,0.05257920589069198
575,168707 : hsa-miR-4767,0.052475625142626825
576,19585 : hsa-miR-148b-3p,0.05245831670462353
577,10903 : hsa_negative_control_8,0.05242234685122393
578,168975 : hsa-miR-4528,0.05232677221556692
579,46627 : hsa-miR-1271-5p,0.05229814448115211
580,10947 : hsa-miR-142-3p,0.05229236015608185
581,29190 : hsa-miR-708-5p,0.0522304539461822
582,168996 : hsa-miR-4524a-3p,0.05201338160023039
583,145759 : hsa-miR-181c-3p,0.052005101929571085
584,17858 : hsa-miRPlus-A1073,0.05190031797273398
585,168901 : hsa-miR-4742-5p,0.0518999589670337
586,169310 : hsa-miR-3913-3p,0.05189660405352159
587,168729 : hsa-miR-4661-5p,0.051859924463790286
588,168779 : hsa-miR-4797-3p,0.05180816904725161
589,17935 : hsa-miR-101-5p,0.05179228358156962
590,168669 : hsa-miR-5693,0.05161933490627324
591,145651 : hsa-miR-99a-3p,0.05153738488337911
592,11141 : hsa-miR-509-3p,0.05146433966748787
593,169049 : hsa-miR-3162-3p,0.05131355099525092
594,17353 : hsa-miR-609,0.05129649062553843
595,42535 : hsa-miR-661,0.05125560072481394
596,169129 : hsa-miR-4284,0.05115707904120437
597,11058 : hsa-miR-325,0.05113272433515892
598,148420 : hsa-miR-3607-3p,0.051114120874660385
599,42541 : hsa-miR-302a-5p,0.05107677492120266
600,42683 : hsa-miR-922,0.051042831069164185
601,14280 : hsa-miR-367-3p,0.051025412900914224
602,168871 : hsa-miR-151a-5p,0.05097456336667472
603,147195 : hsa-miR-18a-5p,0.05093513404758543
604,42721 : hsa-miRPlus-C1099,0.050856033831925274
605,168572 : hsa-miR-4507,0.05075302189260311
606,147776 : hsa-miR-4317,0.05066917049304176
607,169358 : hsa-miR-4417,0.05065468234476023
608,11044 : hsa-miR-302c-3p,0.05064379976087263
609,168918 : hsa-miR-4491,0.05058706372257937
610,147742 : hsa-miR-4265,0.050551537949355296
611,169326 : hsa-miR-451b,0.0505266785113756
612,148156 : hsa-miR-3686,0.05040782337112071
613,42638 : hsa-miR-23a-5p,0.0503908467014067
614,169041 : hsa-miR-1245b-3p,0.05036660471213383
615,17336 : hsa-miR-618,0.050257493346056226
616,42682 : hsa-miR-25-3p,0.05025090756657957
617,148665 : hsa-miR-510,0.050227533178039296
618,168640 : hsa-miR-4475,0.05020982276734132
619,168891 : hsa-miR-1271-3p,0.049987489756729175
620,42749 : hsa-miR-659-3p,0.04993501457530103
621,169370 : hsa-miR-4693-5p,0.049893044638066764
622,148683 : hsa-miR-888-3p,0.04967995511428369
623,169084 : hsa-miR-5708,0.04967578223101321
624,42717 : hsa-miR-92b-5p,0.04966208998578847
625,169210 : hsa-miR-3187-5p,0.04951763634899198
626,147564 : hsa-miR-4266,0.0494821780342285
627,169334 : hsa-miR-548ao-5p,0.04943600399538428
628,169299 : hsa-miR-4538,0.04942985686213497
629,42956 : hsa-miR-545-5p,0.04940281498993637
630,145980 : hsa-miR-939,0.04936925028978911
631,42567 : hsa-miR-590-3p,0.049350681473523395
632,169096 : hsa-miR-4804-3p,0.049317662626693126
633,17349 : hsa-miR-595,0.049151031895707575
634,146116 : hsa-miR-2116-3p,0.04914416866805249
635,146069 : hsa-miR-1915-5p,0.049116699456563495
636,168691 : hsa-miR-3677-5p,0.049055691770728105
637,169034 : hsa-miR-642b-5p,0.048997031707227245
638,42757 : hsa-miR-619,0.048949999135928124
639,42756 : hsa-miR-548d-5p,0.04883346374448583
640,27568 : hsa-miR-744-5p,0.048818752304067514
641,146165 : hsa-miR-1973,0.048748763725704025
642,10902 : hsa_negative_control_7,0.04871013504718569
643,10975 : hsa-miR-182-5p,0.048641296864816885
644,42641 : hsa-miR-145-5p,0.04853291596971476
645,17888 : hsa-let-7a-3p,0.04852520918548886
646,147621 : hsa-miR-4278,0.04851302491902043
647,169086 : hsa-miR-4786-5p,0.04842612251715739
648,169037 : hsa-miR-548aw,0.04835768990594502
649,169012 : hsa-miR-4711-3p,0.04829699055552039
650,17482 : hsa-miR-411-5p,0.04823504906296483
651,145638 : hsa-miR-29a-5p,0.0482031038675379
652,28019 : hsa-miR-10a-3p,0.048160285529683655
653,168722 : hsa-miR-4742-3p,0.048073805096498834
654,147187 : hsa-miR-215,0.04807196701969674
655,11184 : hsa-miR-99b-5p,0.04805435967019078
656,17886 : hsa-miR-301b,0.04805176115154741
657,169285 : hsa-miR-4467,0.048015210829766675
658,148239 : hsa-miR-3916,0.04784676372659735
659,148654 : hsa-miR-184,0.04783828833645298
660,147670 : hsa-miR-3177-3p,0.04782190009422371
661,169107 : hsa-miR-4782-5p,0.047753536068985136
662,17641 : hsa-miR-573,0.047715772978170756
663,168997 : hsa-miR-5584-5p,0.0476842372755133
664,169296 : hsa-miR-5004-5p,0.04764939995398598
665,42889 : hsa-miR-379-3p,0.0476253526531174
666,148622 : hsa-miR-877-3p,0.047589065839486855
667,148635 : hsa-miR-933,0.04756205013675907
668,169409 : hsa-miR-4286,0.04755431162824353
669,145950 : hsa-miR-33b-5p,0.047537454016555625
670,148063 : hsa-miR-3713,0.04753651882450072
671,46822 : hsa-miR-1178,0.04753247071572586
672,10986 : hsa-miR-193a-3p,0.047504162980832154
673,147871 : hsa-miR-3180-5p,0.047500051751044214
674,169055 : hsa-miR-3529-5p,0.047445306494820594
675,148466 : hsa-miR-3937,0.04740737810968065
676,145705 : hsa-miR-431-5p,0.04733639621844832
677,169307 : hsa-miR-4685-3p,0.04730534966322031
678,11159 : hsa-miR-518e-3p,0.04718977143938363
679,168854 : hsa-miR-4498,0.04716340535051766
680,46345 : hsa-miR-1207-3p,0.04709511691755863
681,148082 : hsa-miR-3663-3p,0.04703859413836464
682,168574 : hsa-miR-4428,0.04701597228452492
683,11277 : hsa-miR-7-1-3p,0.04687822847752221
684,169254 : hsa-miR-4762-3p,0.046821553925955106
685,168788 : hsa-miR-4790-5p,0.046738987319216774
686,169091 : hsa-miR-5006-5p,0.046722735324690845
687,46695 : hsa-miR-1228-3p,0.0467047068831159
688,11091 : hsa-miR-377-3p,0.04665138028905447
689,145701 : hsa-miR-668,0.04662297930048598
690,42873 : hsa-miR-944,0.04650840389813715
691,145970 : hsa-miR-129-2-3p,0.046490180518351965
692,42772 : hsa-miR-566,0.04646360439546138
693,27545 : hsa-miR-373-5p,0.04644900929710416
694,19595 : hsa-miR-30a-3p,0.0463561046510621
695,147818 : hsa-miR-4270,0.04634046220131327
696,42766 : hsa-miR-554,0.04627736080695066
697,169271 : hsa-miR-4784,0.04622842418327999
698,145745 : hsa-miR-335-3p,0.046151690530962686
699,17570 : hsa-miR-589-3p,0.0460550239197457
700,42896 : hsa-miR-450b-5p,0.045969621948693584
701,42622 : hsa-miR-579,0.045925767232758874
702,169312 : hsa-miR-548an,0.04581333874484672
703,168768 : hsa-miR-4423-5p,0.04569261798842428
704,146166 : hsa-miRPlus-G1065-5p,0.04565465352786724
705,46731 : hsa-miR-4657,0.04556588668278394
706,10306 : hsa-miR-146b-5p,0.04546874334537532
707,148085 : hsa-miR-3687,0.0454332201143417
708,169079 : hsa-miR-4667-5p,0.04541836020168932
709,169139 : hsa-miR-5192,0.04540086859276116
710,46541 : hsa-miR-1225-5p,0.045361484907551874
711,42845 : hsa-miR-125b-2-3p,0.04532148656195467
712,147311 : hsa-miR-3688-3p,0.04529692743095559
713,46617 : hsa-miR-1197,0.04524940482148332
714,169015 : hsa-miR-4454,0.04520212419095215
715,17944 : hsa-miR-337-5p,0.04519749400825068
716,168757 : hsa-miR-4713-3p,0.04517330068464864
717,17732 : hsa-miR-192-5p,0.045104414545964255
718,148189 : hsa-miR-3681-3p,0.045066289022845485
719,168686 : hsa-miR-4768-5p,0.044964803278399135
720,168806 : hsa-miR-4659a-3p,0.04495396712196187
721,169087 : hsa-miR-149-3p,0.04492835682849394
722,168878 : hsa-miR-5100,0.04486631412937858
723,169216 : hsa-miR-4701-3p,0.04485719553781675
724,168942 : hsa-miR-4636,0.044831610878060646
725,42791 : hsa-miR-548b-5p,0.04475340238133829
726,168920 : hsa-miR-3117-5p,0.044717253516079136
727,148662 : hsa-miR-583,0.04471636201239715
728,10988 : hsa-miR-194-5p,0.04470013321689503
729,42630 : hsa-miR-140-3p,0.04454827080994628
730,169167 : hsa-miR-4451,0.044519829384287446
731,46640 : hsa-miR-1257,0.04449642292921796
732,9938 : hsa-let-7i-5p,0.04449232115908863
733,168829 : hsa-miR-4794,0.044459261204361056
734,147165 : hsa-let-7b-5p,0.04440949171426967
735,42957 : hsa-miR-323a-3p,0.044364268800505924
736,29562 : hsa-miR-199a-5p,0.04433407311188531
737,148363 : hsa-miR-3652,0.04428868530228636
738,168847 : hsa-miR-4740-3p,0.044250859049338453
739,17460 : hsa-miR-657,0.04422627001747026
740,169165 : hsa-miR-5585-5p,0.044199102355464204
741,46221 : hsa-miR-519d,0.044015665809687965
742,145741 : hsa-miR-545-3p,0.043988800090731806
743,168863 : hsa-miR-4441,0.043914614661511475
744,169157 : hsa-miR-4755-3p,0.04388152872863871
745,147988 : hsa-miR-3135a,0.0438460273393424
746,42750 : hsa-miR-636,0.04378475604322496
747,169203 : hsa-miR-5095,0.04376022989834061
748,46309 : hsa-miR-1226-3p,0.043731660080402524
749,169089 : hsa-miR-4470,0.04372450510289716
750,169164 : hsa-miR-4705,0.043655630771390674
751,168948 : hsa-miR-4514,0.04362378985361648
752,42925 : hsa-miR-409-5p,0.043605117582519615
753,46944 : hsa-miR-1297,0.04359330718766685
754,168667 : hsa-miR-4999-3p,0.043579829131017656
755,148214 : hsa-miR-3675-3p,0.04354661680322325
756,147707 : hsa-miR-3154,0.04342499414007772
757,148042 : hsa-miR-3662,0.04336930821504792
758,147845 : hsa-miR-3173-3p,0.0433005373268851
759,42549 : hsa-miR-19a-5p,0.04322443367479001
760,42827 : hsa-miR-652-3p,0.04318374779140188
761,169094 : hsa-miR-4482-3p,0.04314536030014038
762,42823 : hsa-miR-27b-5p,0.04313472560625331
763,145707 : hsa-miR-216b,0.04306871360388609
764,147826 : hsa-miR-3153,0.042923147537981876
765,168681 : hsa-miR-4751,0.042782127993853836
766,42780 : hsa-miR-1307-5p,0.04277240399950122
767,146121 : hsa-miR-1470,0.042753103256461866
768,145755 : hsa-miR-146a-3p,0.04267015095070459
769,168955 : hsa-miR-4756-3p,0.04266582850401868
770,46606 : hsa-miR-1288,0.04263063175143933
771,145934 : hsa-miRPlus-B1114,0.04259141113909193
772,145838 : hsa-miR-125b-1-3p,0.0425400311003048
773,168621 : hsa-miR-4796-5p,0.04249548137864645
774,145897 : hsa-miR-92b-3p,0.04242815713571124
775,17459 : hsa-miR-580,0.04239397867163164
776,169243 : hsa-miR-3682-5p,0.042246393971153484
777,42592 : hsa-miR-338-3p,0.04215118011671848
778,168973 : hsa-miR-1268b,0.042133246018153825
779,169152 : hsa-miR-5690,0.04212069678535735
780,147909 : hsa-miR-1273d,0.04203038586944552
781,6880 : hsa-miR-297,0.04200417720664018
782,42660 : hsa-miR-144-5p,0.04198826305891701
783,169228 : hsa-miR-4698,0.04188609409257649
784,168821 : hsa-miR-548ax,0.04181460265169834
785,33902 : hsa-miR-128,0.041798832586490864
786,169062 : hsa-miR-3922-5p,0.041788073514014146
787,14962 : hsa-miR-581,0.041742380606528906
788,42629 : hsa-miR-376c,0.041703772897835556
789,148335 : hsa-miR-3606,0.04163493038000765
790,148168 : hsa-miR-3658,0.04154895518958379
791,168584 : hsa-miR-5587-3p,0.04151052635034014
792,169262 : hsa-miR-5009-5p,0.04149177614331845
793,169003 : hsa-miR-4744,0.04140578813878237
794,148384 : hsa-miR-3648,0.0413961282352342
795,11240 : hsa-miR-409-3p,0.04137886658998524
796,145974 : hsa-miR-200b-5p,0.04128129943376524
797,168735 : hsa-miR-5586-3p,0.041262689851359724
798,168910 : hsa-miR-4735-5p,0.04124391449191189
799,169342 : hsa-miR-5090,0.04120519148735724
800,168765 : hsa-miR-4448,0.04120497611761853
801,148057 : hsa-miR-186-3p,0.04116545738275179
802,169038 : hsa-miR-488-3p,0.04108240144488384
803,42669 : hsa-miR-505-3p,0.04097668368009888
804,148282 : hsa-miR-3714,0.040855786360400215
805,46684 : hsa-miR-1225-3p,0.040844698954849656
806,148640 : hsa-miR-34b-3p,0.04083610009091032
807,169256 : hsa-miR-4666a-5p,0.040822438447166265
808,168645 : hsa-miR-378i,0.04075515260077278
809,169259 : hsa-miR-4773,0.04065861642939539
810,169379 : hsa-miR-4694-3p,0.04064360939429679
811,11041 : hsa-miR-29c-3p,0.04052449866009167
812,46918 : hsa-miR-375,0.04044251309102931
813,168993 : hsa-miR-4799-3p,0.04041147269278755
814,42571 : hsa-miR-129-1-3p,0.04037148796702472
815,169088 : hsa-miR-4492,0.040312534553487156
816,15619 : hsa-miR-649,0.04014211812569468
817,168578 : hsa-miR-5190,0.040125752385386404
818,146112 : hsa-miR-30b-5p,0.040110816227951984
819,148593 : hsa-miR-3605-3p,0.04001623133482535
820,169064 : hsa-miR-4778-3p,0.03995124866848565
821,27551 : hsa-miR-612,0.039950350295145265
822,17391 : hsa-miR-635,0.039930798608368345
823,169376 : hsa-miR-5701,0.03992968890187232
824,42530 : hsa-let-7a-2-3p,0.039885779438731506
825,147792 : hsa-miR-3165,0.03987226687639156
826,168568 : hsa-miR-1290,0.03975148061072131
827,168801 : hsa-miR-4477b,0.039749839289082045
828,168744 : hsa-miR-4746-5p,0.03966647337765661
829,169042 : hsa-miR-4704-3p,0.0396186515772492
830,147978 : hsa-miR-3140-3p,0.03958584189432757
831,168872 : hsa-miR-24-1-5p,0.03954655055886458
832,168964 : hsa-miR-4450,0.03952565590249324
833,145690 : hsa-miR-512-5p,0.03950509046307982
834,42710 : hsa-miR-1296,0.039437857090089956
835,42478 : hsa-miR-593-5p,0.039422532761264284
836,168613 : hsa-miR-548ar-5p,0.03941692476715786
837,169253 : hsa-miR-4690-5p,0.0393476399524304
838,42887 : hsa-miR-331-3p,0.039339745649135116
839,169056 : hsa-miR-4669,0.039068231342334725
840,147469 : hsa-miR-3909,0.03896274156795343
841,169375 : hsa-miR-660-3p,0.038933529033844616
842,147903 : hsa-miR-3065-3p,0.038897025407177654
843,42584 : hsa-miR-432-3p,0.038853670200655444
844,169315 : hsa-miR-4676-3p,0.038806447136098265
845,169156 : hsa-miR-4515,0.03876983963668801
846,145981 : hsa-miR-1285-3p,0.0387690272166763
847,169046 : hsa-miR-4715-5p,0.038663569309426826
848,169264 : hsa-miR-4762-5p,0.03863705537202411
849,27720 : hsa-miR-15a-5p,0.03857443595295296
850,147633 : hsa-miR-3163,0.03853923740115417
851,42812 : hsa-miR-508-5p,0.03850532223546388
852,145675 : hsa-miR-501-5p,0.038455761150683054
853,168864 : hsa-miR-320d,0.038412345554642124
854,14285 : hsa-miR-487b,0.03839092941912514
855,148566 : hsa-miR-3666,0.03828793289908017
856,169116 : hsa-miR-4788,0.0382583463708801
857,169099 : hsa-miR-4790-3p,0.038189904050177415
858,147334 : hsa-miR-3613-5p,0.03813468526176367
859,42793 : hsa-miRPlus-A1072,0.03813268030353356
860,145820 : hsa-let-7c,0.03807812629491303
861,169419 : hsa-miR-300,0.03807464430636265
862,168632 : hsa-miR-5188,0.03806395451109368
863,10990 : hsa-miR-196a-5p,0.03796420465924433
864,147768 : hsa-miR-4257,0.037900332422089233
865,169214 : hsa-miR-4638-5p,0.03780076434054869
866,147939 : hsa-miR-3192,0.03777061288295602
867,29379 : hsa-miR-452-5p,0.037746882137689175
868,145819 : hsa-miR-520c-3p,0.03771683343800869
869,168992 : hsa-miR-5092,0.03769817044714818
870,46789 : hsa-miR-513b,0.037691639258515375
871,168944 : hsa-miR-4707-5p,0.03766293506570473
872,168656 : hsa-miR-5002-3p,0.03765764179484021
873,148038 : hsa-miR-3679-3p,0.03757850866545809
874,168818 : hsa-miR-4774-5p,0.0375016785785125
875,168711 : hsa-miR-548ak,0.03742705565288906
876,145933 : hsa-miR-652-5p,0.03740182015316118
877,42551 : hsa-miR-122-3p,0.03738855987670875
878,11014 : hsa-miR-214-3p,0.03736085718106397
879,46215 : hsa-miR-1301,0.03731930551768081
880,146066 : hsa-miR-3116,0.03729147686661394
881,147591 : hsa-miR-4283,0.037286935388366915
882,168848 : hsa-miR-4700-3p,0.037276897989232394
883,147535 : hsa-miR-4309,0.03725512151418764
884,169161 : hsa-miR-4489,0.03723335590527288
885,146151 : hsa-miR-449c-5p,0.03719461203222996
886,10987 : hsa-miR-193b-3p,0.03718612721688386
887,168946 : hsa-miR-4673,0.03717811783559011
888,168769 : hsa-miR-5002-5p,0.037167012029043045
889,145768 : hsa-miR-665,0.037055122821131325
890,29577 : hsa-miR-374a-3p,0.036951346094260096
891,168949 : hsa-miR-4512,0.03692372500657859
892,17892 : hsa-miRPlus-C1087,0.03682101309380248
893,168653 : hsa-miR-3158-5p,0.03681275170942966
894,146178 : hsa-miR-502-3p,0.03676149709875354
895,168614 : hsa-miR-5197-5p,0.036529454078470636
896,146140 : hsa-miR-1976,0.036508558381909584
897,11113 : hsa-miR-448,0.036400055676873544
898,168693 : hsa-miR-651,0.0363152552309054
899,32946 : hsa-miR-486-5p,0.03629923233362531
900,45745 : hsa-miR-302f,0.036182108386540124
901,168586 : hsa-miR-34a-5p,0.036149706599487574
902,17280 : hsa-miR-15b-5p,0.036012641949342505
903,168717 : hsa-miR-5193,0.03593549867511414
904,147537 : hsa-miR-4264,0.03593055994791605
905,147821 : hsa-miR-3169,0.035880099278124744
906,169168 : hsa-miR-5580-3p,0.03586572701688029
907,17822 : hsa-miR-490-5p,0.03583919694410054
908,169282 : hsa-miR-4290,0.03570823272614798
909,42482 : hsa-miR-591,0.03565605779845815
910,147967 : hsa-miR-3180,0.03564255630130586
911,168683 : hsa-miR-4792,0.03563484633928726
912,42666 : hsa-miR-26a-2-3p,0.035621374769399416
913,42732 : hsa-miR-532-3p,0.03561445128752516
914,147755 : hsa-miR-378c,0.03556498555472354
915,148669 : hsa-miR-185-3p,0.03550285446817236
916,168972 : hsa-miR-5004-3p,0.03549579785837964
917,168661 : hsa-miR-4531,0.03548555521194152
918,13177 : hsa-miR-143-3p,0.03544585713020565
919,147828 : hsa-miR-3121-3p,0.03539523481855311
920,46717 : hsa-miR-1256,0.03537794468292743
921,46381 : hsa-miR-1298,0.035361874267119564
922,17506 : hsa-miR-24-3p,0.03531520455003134
923,169174 : hsa-miR-4709-5p,0.03531318845938447
924,42923 : hsa-miR-30c-5p,0.035276058077990724
925,168597 : hsa-miR-5699,0.035041376947924974
926,169138 : hsa-miR-4504,0.0350038199547591
927,42866 : hsa-miR-451a,0.034996448368980415
928,168841 : hsa-miR-5588-3p,0.034965080519504976
929,147731 : hsa-miR-3189-3p,0.034569689813017224
930,17652 : hsa-miR-558,0.03456796724627975
931,168832 : hsa-miR-4674,0.03440728060999643
932,169353 : hsa-miR-5582-3p,0.03437715124916618
933,148418 : hsa-miR-3607-5p,0.034366080553890344
934,11005 : hsa-miR-204-5p,0.03433443774591116
935,168904 : hsa-miR-4473,0.03425360042911074
936,46326 : hsa-miR-1233,0.03424985802138081
937,147894 : hsa-miR-3137,0.03423385049527483
938,168782 : hsa-miR-5093,0.03418525853064769
939,168776 : hsa-miR-4795-3p,0.034178179562400324
940,168742 : hsa-miR-4722-3p,0.034169793027142736
941,169333 : hsa-miR-3194-3p,0.03411130212434066
942,168569 : hsa-miR-5088,0.0340685803108316
943,147739 : hsa-miR-3161,0.034047804594361075
944,17854 : hsa-miR-106b-3p,0.034033777977948265
945,168783 : hsa-miR-4770,0.03402950583161912
946,169335 : hsa-miR-4699-5p,0.03400135753222666
947,168886 : hsa-miR-4745-5p,0.03399612881656644
948,168994 : hsa-miR-3591-5p,0.03398225403764954
949,168893 : hsa-miR-4505,0.03385679529988983
950,168732 : hsa-miR-5011-5p,0.033761842937056086
951,42476 : hsa-miR-374b-3p,0.033579316528355996
952,148206 : hsa-miR-3664-5p,0.033557084931084225
953,42607 : hsa-miR-653,0.033528447377614956
954,168986 : hsa-miR-4677-3p,0.03352105035704889
955,148317 : hsa-miR-3621,0.033514624081120825
956,32608 : hsa-miR-761,0.033421564324525255
957,17851 : hsa-miR-200c-5p,0.03339486322447627
958,17427 : hsa-miR-200c-3p,0.033373671722151776
959,147694 : hsa-miR-4281,0.03329784174271544
960,17393 : hsa-miR-603,0.03325473794266376
961,145714 : hsa-miR-28-3p,0.033231265555087264
962,147929 : hsa-miR-1273c,0.03319543189597862
963,169183 : hsa-miR-4644,0.03319465417227607
964,168831 : hsa-miR-433,0.03306080403032552
965,145637 : hsa-miR-187-3p,0.03305984458954381
966,14301 : hsa-miR-361-5p,0.032924655578684625
967,145751 : hsa-miR-23b-5p,0.03290294830566998
968,148628 : hsa-miR-3199,0.032891870649579324
969,145836 : hsa-miR-218-2-3p,0.032838239866535224
970,46624 : hsa-miR-1236,0.03280460080968162
971,147820 : hsa-miR-3133,0.03277948617728055
972,169007 : hsa-miR-4746-3p,0.032717173718377346
973,169022 : hsa-miR-4797-5p,0.03266260870680826
974,11144 : hsa-miR-512-3p,0.03264565605320202
975,168805 : hsa-miR-4478,0.03254135743651054
976,169073 : hsa-miR-584-3p,0.032491066890053544
977,169006 : hsa-miR-4527,0.032480447432632786
978,28480 : hsa-miR-504,0.03246114751977003
979,46661 : hsa-miR-1294,0.03245241150173617
980,169137 : hsa-miR-4524b-5p,0.03235215653320744
981,169061 : hsa-miR-548x-3p,0.03232407743752819
982,169035 : hsa-miR-4658,0.03231112459930241
983,46625 : hsa-miR-1303,0.03229884782726011
984,42603 : hsa-miR-424-3p,0.032288617698085
985,145641 : hsa-miR-369-5p,0.03222158224665206
986,42705 : hsa-miR-191-3p,0.032202812617212695
987,147600 : hsa-miR-4292,0.032177277639875435
988,147806 : hsa-miR-3149,0.03213821322668142
989,30209 : hsa-miRPlus-C1114,0.03213699921076896
990,42743 : hsa-let-7e-3p,0.03188675583025802
991,147276 : hsa-miR-3616-3p,0.03179046588137635
992,168581 : hsa-miR-3942-3p,0.03172735019528394
993,148077 : hsa-miR-3690,0.03172340071705215
994,168622 : hsa-miR-4652-5p,0.03168604962128896
995,46355 : hsa-miR-548p,0.03167011237384898
996,14260 : hsa_negative_control_3,0.0316522356942186
997,11182 : hsa-miR-98,0.031551919790989036
998,169166 : hsa-miR-4683,0.031549501132710045
999,10138 : hsa-miR-130a-3p,0.03149631955626342
1000,168968 : hsa-miR-147b,0.031446966095164175
1001,147743 : hsa-miR-4275,0.031425475102708544
1002,169231 : hsa-miR-4766-3p,0.03139207457849924
1003,168838 : hsa-miR-720,0.031354419294692404
1004,148079 : hsa-miR-3673,0.03133537656133689
1005,11092 : hsa-miR-378a-5p,0.031331186382616893
1006,168773 : hsa-miR-5702,0.03116158968430449
1007,17626 : hsa-miR-575,0.0311248365247927
1008,169155 : hsa-miR-4480,0.03099447794835264
1009,148499 : hsa-miR-3910,0.03082013398827743
1010,168627 : hsa-miR-4678,0.030710119045749273
1011,168736 : hsa-miR-4796-3p,0.030703442591175634
1012,169396 : hsa-miR-5700,0.030589477569062273
1013,17863 : hsa-miR-934,0.030522237286552345
1014,13143 : hsa-miR-301a-3p,0.030488247504936394
1015,168911 : hsa-miR-4682,0.030415736949586325
1016,10916 : hsa-miR-1,0.030351781790916466
1017,42942 : hsa-miR-134,0.03033793498069537
1018,169305 : hsa-miR-4455,0.03030202537640192
1019,145748 : hsa-miR-518f-3p,0.03029052210597949
1020,169385 : hsa-miR-4500,0.030263277729126292
1021,46788 : hsa-miR-1299,0.030163539898734992
1022,168914 : hsa-miR-5689,0.03014392474196459
1023,169386 : hsa-miR-4427,0.03013912742973135
1024,46406 : hsa-miR-500a-3p,0.03013069996553286
1025,42598 : hsa-miR-452-3p,0.030103965176301983
1026,168731 : hsa-miR-548ah-3p,0.030083987002561097
1027,168909 : hsa-miR-3152-5p,0.030055809473071404
1028,31026 : hsa-miR-101-3p,0.03002916170910286
1029,169145 : hsa-miR-5000-3p,0.02993487149292351
1030,28889 : hsa-miR-888-5p,0.029790536359781905
1031,169410 : hsa-miR-556-5p,0.029724257812893118
1032,168809 : hsa-miR-5698,0.029709870599707644
1033,147837 : hsa-miR-3119,0.029684625041079382
1034,17853 : hsa-miR-30d-3p,0.02965023642937159
1035,169184 : hsa-miR-1304-3p,0.029589717704261886
1036,168846 : hsa-miR-1273f,0.02943575286236144
1037,42811 : hsa-miR-542-5p,0.029338209020869366
1038,17820 : hsa-miRPlus-C1066,0.029274997925708757
1039,46917 : hsa-miR-205-5p,0.029183894724863935
1040,148290 : hsa-miR-3616-5p,0.029133402341394055
1041,145831 : hsa-miR-625-5p,0.029103370854012045
1042,168890 : hsa-miR-1306-5p,0.02907888405082515
1043,168866 : hsa-miR-4771,0.029075500546176025
1044,169135 : hsa-miR-3173-5p,0.029014815477572897
1045,146020 : hsa-miR-449c-3p,0.02891524752097796
1046,169170 : hsa-miR-4472,0.028911578935841842
1047,42965 : hsa-miR-424-5p,0.028901446543152742
1048,147752 : hsa-miR-4302,0.02874447951067749
1049,169288 : hsa-miR-4730,0.028699526193003866
1050,168811 : hsa-miR-1255b-2-3p,0.02868124449974352
1051,147376 : hsa-miR-3679-5p,0.028666847387199823
1052,148263 : hsa-miR-1273e,0.02859649141166498
1053,169019 : hsa-miR-4524a-5p,0.02855469242509656
1054,10936 : hsa-miR-130b-3p,0.028545766399784123
1055,46259 : hsa-miR-885-5p,0.028520317003196016
1056,147389 : hsa-miR-3691-5p,0.02849509059233646
1057,148641 : hsa-miR-518b,0.028436456189816495
1058,169218 : hsa-miR-5189,0.02843247117296932
1059,169109 : hsa-miR-5003-5p,0.02840084461178627
1060,146091 : hsa-miR-1914-5p,0.028365837380404768
1061,147954 : hsa-miR-4318,0.02834548074666854
1062,11085 : hsa-miR-373-3p,0.028237061899980542
1063,168963 : hsa-miR-644b-5p,0.028178369298719197
1064,17498 : hsa-miR-601,0.028077680038365527
1065,17347 : hsa-miR-708-3p,0.02807630358214941
1066,147882 : hsa-miR-2909,0.028069334100569554
1067,145859 : hsa-miR-33a-5p,0.028018295917511704
1068,169309 : hsa-miR-4802-5p,0.028014465046330317
1069,42672 : hsa-miR-323b-5p,0.027995600647481522
1070,148402 : hsa-miR-3920,0.0279410038918797
1071,168690 : hsa-miR-4466,0.027926041164503257
1072,147722 : hsa-miR-4306,0.027904287992828625
1073,168940 : hsa-miR-5579-5p,0.02786137771255981
1074,46495 : hsa-miR-525-3p,0.027806826712481136
1075,27229 : hsa-miR-511,0.027766889389176708
1076,42447 : hsa-miR-556-3p,0.027666616654862697
1077,17841 : hsa-miRPlus-C1100,0.027602035070617648
1078,169362 : hsa-miR-5591-3p,0.027601695185228925
1079,148688 : hsa-miR-765,0.027590956689151458
1080,11038 : hsa-miR-299-5p,0.02757975709145022
1081,28302 : hsa-miRPlus-A1015,0.027565128301668906
1082,46633 : hsa-miR-1267,0.027551567744519723
1083,42850 : hsa-miR-150-3p,0.027488957769147504
1084,46675 : hsa-miR-1181,0.027397133829642817
1085,168965 : hsa-miR-4765,0.02734221327358699
1086,168599 : hsa-miR-4453,0.027305859027709767
1087,169069 : hsa-miR-3977,0.02723082550345035
1088,148000 : hsa-miR-3195,0.02720437838748868
1089,148590 : hsa-miR-3919,0.027185987356309838
1090,13148 : hsa-miR-195-5p,0.027175905571418024
1091,42800 : hsa-miR-582-5p,0.02716158490342324
1092,147602 : hsa-miR-2682-5p,0.027132988816045867
1093,46363 : hsa-miR-1272,0.027129666989709866
1094,168745 : hsa-miR-4667-3p,0.02701928517763008
1095,147556 : hsa-miR-4254,0.0269909675730704
1096,148666 : hsa-miR-938,0.026938837511827796
1097,42633 : hsa-miR-885-3p,0.02687733493074229
1098,46800 : hsa-miR-1224-3p,0.02687419126136925
1099,17302 : hsa-miR-578,0.02683002441235427
1100,11045 : hsa-miR-302c-5p,0.02680360076506849
1101,147493 : hsa-miR-3944-3p,0.026789388760154242
1102,29736 : hsa-miR-656,0.02677596743551347
1103,148346 : hsa-miR-3929,0.026683500200729737
1104,169260 : hsa-miR-4436b-3p,0.026680416583173994
1105,4610 : hsa-miR-126-3p,0.026598269834040122
1106,147280 : hsa-miR-1185-1-3p,0.02648609459422424
1107,169378 : hsa-miR-4430,0.02643615801594823
1108,148661 : hsa-miR-486-3p,0.02635059419774466
1109,168682 : hsa-miR-4502,0.026173790823587062
1110,169121 : hsa-miR-1295b-3p,0.02616339739827933
1111,168685 : hsa-miR-4432,0.026153678172585737
1112,169224 : hsa-miR-4440,0.02612412672027231
1113,145835 : hsa-miR-509-5p,0.026097183435343396
1114,169009 : hsa-miR-548ap-5p,0.026065602561140766
1115,10977 : hsa-miR-183-5p,0.02601624475594333
1116,169237 : hsa-miR-5697,0.0259618257521379
1117,46735 : hsa-miR-1179,0.02592448711445816
1118,147846 : hsa-miR-4313,0.025823230224211402
1119,148181 : hsa-miR-3545-5p,0.025680897383796752
1120,145846 : hsa-let-7e-5p,0.025611018420949705
1121,169053 : hsa-miR-130b-5p,0.025596058321690096
1122,168637 : hsa-miR-3940-5p,0.02558303055405542
1123,42859 : hsa-miR-675-3p,0.025581025563987003
1124,148058 : hsa-miR-3672,0.025569018831461676
1125,11077 : hsa-miR-363-3p,0.025552065303419136
1126,169213 : hsa-miR-4768-3p,0.025547795260892014
1127,46479 : hsa-miR-1304-5p,0.02535900232102284
1128,148682 : hsa-miR-483-3p,0.025271263435429514
1129,145840 : hsa-let-7f-1-3p,0.0252293146162208
1130,147715 : hsa-miR-4251,0.025173958169904864
1131,148289 : hsa-miR-3675-5p,0.025168402581792648
1132,168563 : hsa-miR-4761-5p,0.02515026198530257
1133,168869 : hsa-miR-5010-3p,0.025138006205226437
1134,148080 : hsa-miR-3921,0.025063850514501773
1135,168935 : hsa-miR-4687-3p,0.025019282741213233
1136,46246 : hsa-miR-1226-5p,0.024982372038677036
1137,169095 : hsa-miR-548ah-3p,0.02498061632914861
1138,168709 : hsa-miR-4429,0.02489826197954126
1139,169389 : hsa-miR-4717-3p,0.024895787729145358
1140,147588 : hsa-miR-4288,0.024836376110903613
1141,46729 : hsa-miR-302d-5p,0.02472068225659263
1142,147666 : hsa-miR-4277,0.02468241844425023
1143,10925 : hsa-miR-10b-5p,0.024576149298410233
1144,168675 : hsa-miR-4433-3p,0.02453609578316973
1145,168605 : hsa-miR-4653-3p,0.02446884235143343
1146,169181 : hsa-miR-5191,0.024434083751720737
1147,10943 : hsa-miR-136-5p,0.024412604786872016
1148,145757 : hsa-miR-33a-3p,0.024335926732187207
1149,169324 : hsa-miR-4642,0.02428847612059437
1150,46710 : hsa-miR-3157-5p,0.024200531524394497
1151,147886 : hsa-miR-3122,0.024137398134492116
1152,148595 : hsa-miR-34a-3p,0.024121634502549893
1153,169242 : hsa-miR-5686,0.02410276935212252
1154,46340 : hsa-miR-1289,0.02397955834960963
1155,168704 : hsa-miR-506-5p,0.023966251357168344
1156,168853 : hsa-miR-4671-5p,0.023899411725866848
1157,147805 : hsa-miR-3183,0.02383583911706988
1158,168611 : hsa-miR-4753-3p,0.023746826959416545
1159,168565 : hsa-miR-4649-5p,0.02362806963296804
1160,169207 : hsa-miR-4804-5p,0.023582987918155496
1161,168959 : hsa-miR-4778-5p,0.023517765914101707
1162,147856 : hsa-miR-3200-3p,0.023506545234360354
1163,168897 : hsa-miR-5187-5p,0.023494826717623596
1164,147986 : hsa-miRPlus-K1303*,0.02347475047465797
1165,169346 : hsa-miR-5195-3p,0.023406500686518505
1166,42744 : hsa-miR-23a-3p,0.02329332828840669
1167,169398 : hsa-miR-5096,0.023281099423059448
1168,11155 : hsa-miR-518a-3p,0.023245163747864783
1169,46872 : hsa-miR-1262,0.02317841801441034
1170,169341 : hsa-miR-4632,0.023066982412293102
1171,46467 : hsa-miR-143-5p,0.023050582273391518
1172,42570 : hsa-miR-194-3p,0.02298235851942354
1173,42828 : hsa-miR-769-3p,0.022914087271635575
1174,145698 : hsa-miR-496,0.02272674370335448
1175,46440 : hsa-miR-1287,0.022701040042286458
1176,147832 : hsa-miR-4326,0.022655744167799474
1177,168803 : hsa-miR-4696,0.02253807993519752
1178,17872 : hsa-miR-148a-5p,0.02252357413388517
1179,147162 : hsa-let-7a-5p,0.022491103713477845
1180,145827 : hsa-miR-200a-5p,0.022368631251431514
1181,46737 : hsa-miR-1265,0.02234916801125464
1182,168558 : hsa-miR-5585-3p,0.022266617364268493
1183,148006 : hsa-miR-4315,0.0222438672967753
1184,145843 : hsa-miR-330-5p,0.022201029710231968
1185,146152 : hsa-miR-3179,0.022174586450725897
1186,168609 : hsa-miR-5197-3p,0.02217039814582966
1187,169072 : hsa-miR-3925-3p,0.022022330098982135
1188,145769 : hsa-miR-371a-5p,0.022015061130444158
1189,169189 : hsa-miR-4795-5p,0.021987355262664154
1190,147933 : hsa-miR-4282,0.021957967683927437
1191,169302 : hsa-miR-4695-5p,0.021854056026979318
1192,147679 : hsa-miR-3197,0.021725682131775725
1193,42524 : hsa-miR-21-3p,0.021674904715950793
1194,168687 : hsa-miR-29a-3p,0.021630412846982194
1195,146052 : hsa-miR-1471,0.021602694161798386
1196,168843 : hsa-miR-5694,0.021555094842288014
1197,29328 : hsa-miR-582-3p,0.021550617267933614
1198,168941 : hsa-miR-4501,0.021532899781320225
1199,169247 : hsa-miR-4477a,0.021468362829037524
1200,168781 : hsa-miR-4776-3p,0.021431775229489913
1201,147911 : hsa-miR-4280,0.021386340921132563
1202,147906 : hsa-miR-4322,0.021363254745166982
1203,148684 : hsa-miR-628-3p,0.02134452250033858
1204,147544 : hsa-miR-4314,0.021273954552367913
1205,46584 : hsa-miR-1468,0.021272126888839393
1206,168867 : hsa-miR-5003-3p,0.021176375793381164
1207,147796 : hsa-miR-4327,0.021155928372647237
1208,168591 : hsa-miR-4789-3p,0.021130916385508458
1209,168980 : hsa-miR-4324,0.02110525080335579
1210,42528 : hsa-miR-296-3p,0.021005457128888683
1211,148495 : hsa-miR-3915,0.020880282364986735
1212,147852 : hsa-miR-4295,0.02086829854980654
1213,148278 : hsa-miR-138-2-3p,0.020857006311711057
1214,169281 : hsa-miR-4752,0.020844306752935138
1215,169043 : hsa-miR-4462,0.020773624398789714
1216,147751 : hsa-miR-4274,0.02074279018948877
1217,168851 : hsa-miR-4650-3p,0.02070721960163624
1218,168908 : hsa-miR-4655-5p,0.020564120391353358
1219,17444 : hsa-miR-632,0.020544123621585975
1220,168753 : hsa-miR-4741,0.020514241327989735
1221,169407 : hsa-miR-4301,0.020512278782007787
1222,145845 : hsa-miR-20a-5p,0.0204975967695038
1223,168638 : hsa-miR-4530,0.02048101395143931
1224,146196 : hsa-miR-711,0.0204595359961548
1225,169367 : hsa-miR-4444,0.020425960969590262
1226,148454 : hsa-miR-3682-3p,0.020424540919078416
1227,146074 : hsa-miR-2114-5p,0.02041482741861378
1228,21498 : hsa-miR-654-3p,0.020341964996189343
1229,168898 : hsa-miR-5008-3p,0.020328796411557493
1230,145716 : hsa-miR-671-5p,0.02026858491915373
1231,145724 : hsa-miR-887,0.02020240343587787
1232,169274 : hsa-miR-5196-3p,0.02019889405986386
1233,46235 : hsa-miR-524-5p,0.02008125135560679
1234,168593 : hsa-miR-4726-3p,0.020049554435326744
1235,46324 : hsa-miR-320b,0.020010127734795935
1236,169417 : hsa-miR-551b-5p,0.01999000107558624
1237,42898 : hsa-miR-124-5p,0.019891079979192483
1238,19591 : hsa-miR-199b-5p,0.01989063465634966
1239,42694 : hsa-miR-485-3p,0.01982431167821197
1240,168926 : hsa-miR-4776-5p,0.01981097413536137
1241,145889 : hsa-miR-196b-5p,0.019766649204748576
1242,168792 : hsa-miR-4434,0.019763448353642632
1243,147867 : hsa-miR-3118,0.019744234120998794
1244,147868 : hsa-miR-4269,0.01973734024533158
1245,147892 : hsa-miR-3152-3p,0.019713157973118234
1246,17503 : hsa-miR-590-5p,0.019647760080585996
1247,168931 : hsa-miR-1280,0.019641903042665776
1248,148687 : hsa-miR-1908,0.019561297439609326
1249,169236 : hsa-miR-659-5p,0.019420062305694596
1250,148430 : hsa-miR-374c-5p,0.019400289892130385
1251,28950 : hsa-miR-455-3p,0.01939379063895985
1252,42475 : hsa-miR-221-5p,0.01936229189694605
1253,168978 : hsa-miR-371b-5p,0.019358172847957267
1254,46626 : hsa-miR-30c-2-3p,0.019219411681101306
1255,46336 : hsa-miR-1284,0.019140065620079083
1256,148033 : hsa-miR-3065-5p,0.019096044972511717
1257,168750 : hsa-miR-4645-5p,0.01896286738808506
1258,168739 : hsa-miR-1269b,0.01896139789380391
1259,14271 : hsa-miR-539-5p,0.018864638671656442
1260,146138 : hsa-miR-1909-5p,0.01886081796230088
1261,168833 : hsa-miR-4660,0.018784379669329
1262,168714 : hsa-miR-4452,0.018730960196355007
1263,46531 : hsa-miR-1231,0.018671310708152422
1264,169017 : hsa-miR-197-5p,0.018667027157901472
1265,168628 : hsa-miR-5695,0.018588265611528376
1266,146068 : hsa-miR-1915-3p,0.018509079702271114
1267,148620 : hsa-miR-454-3p,0.018480268284375212
1268,17818 : hsa-miR-27a-5p,0.018454506424489425
1269,29802 : hsa-miR-144-3p,0.018446562923095655
1270,46380 : hsa-miR-1255a,0.018423316334939877
1271,169136 : hsa-miR-5006-3p,0.018398517298316985
1272,145753 : hsa-miR-484,0.018390401642045084
1273,148262 : hsa-miR-3680-3p,0.01837790147830498
1274,42708 : hsa-miR-99a-5p,0.018375117545620157
1275,42786 : hsa-miR-188-3p,0.018353975536027578
1276,148652 : hsa-miR-620,0.018232292918012982
1277,148678 : hsa-miR-301a-5p,0.018184512084824078
1278,169149 : hsa-miR-4659b-5p,0.01812597006322103
1279,42493 : hsa-miR-892b,0.018077761652724345
1280,169245 : hsa-miR-2467-3p,0.017931825537568447
1281,148165 : hsa-miR-3605-5p,0.017876994346715414
1282,28534 : hsa-miRPlus-D1058,0.0178599631524603
1283,146148 : hsa-miR-548q,0.017669036282796258
1284,145785 : hsa-miR-526b-3p,0.01763317348696236
1285,148353 : hsa-miR-3681-5p,0.017576031845340623
1286,42792 : hsa-miR-29b-2-5p,0.017559435151354164
1287,169359 : hsa-miR-3160-5p,0.017532238847453696
1288,148625 : hsa-miR-941,0.017527145909953745
1289,169408 : hsa-miR-181d,0.017514447021484747
1290,46791 : hsa-miR-1204,0.017461001542189436
1291,17893 : hsa-miR-362-3p,0.01738050498686161
1292,169350 : hsa-miR-4781-5p,0.01733624434003933
1293,145742 : hsa-miR-935,0.01732856264462246
1294,168610 : hsa-miR-211-3p,0.017108939556837788
1295,169040 : hsa-miR-4753-5p,0.017097852649440526
1296,17810 : hsa-miR-29b-1-5p,0.0170395063230524
1297,168719 : hsa-miR-4495,0.017001813817347333
1298,147386 : hsa-miR-212-5p,0.016958308599262617
1299,168934 : hsa-miR-4999-5p,0.016929497874660138
1300,168887 : hsa-miR-5089,0.016920642223510196
1301,145697 : hsa-miR-367-5p,0.016897187562008975
1302,168999 : hsa-miR-4749-3p,0.016857387628735898
1303,168679 : hsa-miR-4763-3p,0.016814185255171976
1304,46880 : hsa-miR-1183,0.01679383234323306
1305,168643 : hsa-miR-4703-5p,0.016771009931866754
1306,46258 : hsa-miR-1184,0.016662293138783868
1307,148644 : hsa-miR-551b-3p,0.016590276614876442
1308,169249 : hsa-miR-4482-5p,0.016565710559111047
1309,147898 : hsa-miR-2861,0.016531250123417607
1310,148162 : hsa-miR-3661,0.016341820484819358
1311,17535 : hsa-miR-548a-3p,0.016322490728472472
1312,11104 : hsa-miR-422a,0.016303443635700132
1313,168877 : hsa-miR-5583-5p,0.016283871419583873
1314,146173 : hsa-miR-2114-3p,0.016275770501114728
1315,169103 : hsa-miR-4652-3p,0.016201885836714558
1316,147608 : hsa-miR-4307,0.01615062781944787
1317,169047 : hsa-miR-4665-3p,0.016083813281545734
1318,148434 : hsa-miR-3692-3p,0.016065726464095098
1319,169293 : hsa-miR-4661-3p,0.015946417032206783
1320,169257 : hsa-miR-4740-5p,0.01592070407696622
1321,145822 : hsa-miR-214-5p,0.01591572599488278
1322,17866 : hsa-miR-331-5p,0.015914928531205907
1323,148273 : hsa-miR-3150b-3p,0.015840706561190743
1324,146033 : hsa-miR-103b,0.01583144686729332
1325,145995 : hsa-miR-196b-3p,0.01575173809044972
1326,147318 : hsa-miR-3660,0.01573948723563845
1327,148624 : hsa-miR-942,0.015704801186434914
1328,147975 : hsa-miRPlus-J1003,0.015687489374546004
1329,42627 : hsa-miR-212-3p,0.015623605218155312
1330,148250 : hsa-let-7f-2-3p,0.015594479145731865
1331,147193 : hsa-miR-572,0.015553923098398759
1332,169388 : hsa-miR-663a,0.015459756919173007
1333,148217 : hsa-miR-23c,0.015428646374171073
1334,46474 : hsa-miR-766-5p,0.015304008659311474
1335,168594 : hsa-miR-3150b-5p,0.015229778304026276
1336,168676 : hsa-miR-499b-5p,0.015199495469242486
1337,168571 : hsa-miR-550b-2-5p,0.015197008055773509
1338,169197 : hsa-miR-4662a-3p,0.015180204604213765
1339,11108 : hsa-miR-425-3p,0.015174682336842382
1340,147631 : hsa-miR-4258,0.015095346939753451
1341,148453 : hsa-miR-3074-5p,0.01508793137879616
1342,168862 : hsa-miR-1343,0.015060435960857932
1343,169399 : hsa-miR-4750,0.0150525884833832
1344,27672 : hsa-miR-615-3p,0.014981784695168754
1345,11164 : hsa-miR-519e-3p,0.014937223503373787
1346,45775 : hsa-miR-1279,0.014797934449706007
1347,46500 : hsa-miR-520g,0.014782334025426946
1348,169354 : hsa-miR-4493,0.014749116774541937
1349,169090 : hsa-miR-5186,0.014738359074191631
1350,169082 : hsa-miR-1275,0.014732911189122566
1351,169196 : hsa-miR-5705,0.014627490599384618
1352,148018 : hsa-miR-3671,0.014611866861948153
1353,147865 : hsa-miR-4330,0.014611457842594655
1354,169182 : hsa-miR-4728-3p,0.014600034733655676
1355,17668 : hsa-miR-552,0.014302518947994836
1356,168889 : hsa-miR-4697-5p,0.01427334406193248
1357,147915 : hsa-miR-3174,0.014269175503958342
1358,17835 : hsa-miR-450a-5p,0.014249171749001421
1359,42557 : hsa-miR-624-5p,0.014228199013084808
1360,10964 : hsa-miR-155-5p,0.014213002266473929
1361,146137 : hsa-miR-133a,0.01415362759569061
1362,168721 : hsa-miR-4701-5p,0.01413473000623755
1363,146044 : hsa-miR-2115-5p,0.014132411905003472
1364,148554 : hsa-miR-3917,0.014066702129003072
1365,148639 : hsa-miR-4298,0.014065623899881308
1366,168567 : hsa-miR-3177-5p,0.014058928431064599
1367,147683 : hsa-miR-3188,0.014058447516701156
1368,169261 : hsa-miR-4772-3p,0.014035044466744306
1369,147268 : hsa-miR-3940-3p,0.014026926996351774
1370,169066 : hsa-miR-4802-3p,0.014014197006878781
1371,147671 : hsa-miR-4323,0.013966355245923046
1372,168836 : hsa-miR-4496,0.013953883999170857
1373,169039 : hsa-miR-4782-3p,0.0139297085760135
1374,168796 : hsa-miR-3664-3p,0.013909413099139512
1375,168767 : hsa-miR-4681,0.013821595250514962
1376,147554 : hsa-miR-4273,0.013770652675066053
1377,147596 : hsa-miR-3168,0.013679424998549905
1378,169371 : hsa-miR-4474-5p,0.0136281339424833
1379,169404 : hsa-miR-3663-5p,0.01342633201909349
1380,168895 : hsa-miR-548ag,0.013418190627204174
1381,168954 : hsa-miR-5580-5p,0.013389291667801562
1382,42929 : hsa-miR-25-5p,0.013355539715145248
1383,169269 : hsa-miR-4499,0.013350227824361793
1384,148062 : hsa-miR-3667-3p,0.01313789988958236
1385,169085 : hsa-miR-5007-5p,0.013026584643903716
1386,13132 : hsa-miR-519e-5p,0.013015605088904758
1387,168970 : hsa-miR-5590-5p,0.013007216214957262
1388,169179 : hsa-miR-4650-5p,0.012961295451636268
1389,146024 : hsa-miR-383,0.01294719361595309
1390,10937 : hsa-miR-132-3p,0.012866487141737881
1391,168708 : hsa-miR-296-5p,0.012852135660313513
1392,146127 : hsa-miR-449b-3p,0.012849590268829703
1393,13183 : hsa-miR-487a,0.01282819454572226
1394,147701 : hsa-miR-491-3p,0.012751854151977549
1395,169030 : hsa-miR-5586-5p,0.012653585478051621
1396,145789 : hsa-miR-550a-3-5p,0.012611911769788042
1397,147814 : hsa-miR-3159,0.012541442126877023
1398,148585 : hsa-miR-3912,0.012517168642952603
1399,169217 : hsa-miR-2467-5p,0.01247272034935687
1400,169297 : hsa-miR-4777-3p,0.012453065837981558
1401,145905 : hsa-miR-518a-5p,0.012449526428206292
1402,148331 : hsa-miR-3655,0.012438856314129332
1403,168589 : hsa-miR-4671-3p,0.01243076347934946
1404,169227 : hsa-miR-3064-5p,0.012382573890435511
1405,148445 : hsa-miR-3622b-5p,0.012379039398376701
1406,168844 : hsa-miR-4532,0.012290551595278254
1407,169198 : hsa-miR-3145-5p,0.012280414974561227
1408,33407 : hsa-miR-626,0.01225899139836617
1409,169355 : hsa-miR-2355-5p,0.012247880127165711
1410,168673 : hsa-miR-4656,0.012084635876475014
1411,147952 : hsa-miR-3171,0.012042337950282977
1412,169002 : hsa-miR-4529-5p,0.011973965900314854
1413,168759 : hsa-miR-3689f,0.011917269838408462
1414,42912 : hsa-miR-339-3p,0.011870052247146656
1415,145686 : hsa-miR-548c-3p,0.01186767506116504
1416,42738 : hsa-miR-340-3p,0.011837886861280733
1417,46703 : hsa-miR-548e,0.011739612075496675
1418,148387 : hsa-miR-3942-5p,0.011676042382878338
1419,29852 : hsa-miR-9-3p,0.011672022094894263
1420,169287 : hsa-miR-548as-5p,0.011642076489760012
1421,145977 : hsa-miR-1247-5p,0.011636686764368243
1422,169134 : hsa-miR-4519,0.011624954154247913
1423,168916 : hsa-miR-4670-3p,0.011580906327211649
1424,46274 : hsa-miR-3187-3p,0.011559464917202167
1425,46501 : hsa-miR-1305,0.011545088550949822
1426,23767 : hsa-miR-759,0.011469228583384172
1427,169078 : hsa-miR-548ai,0.011455740019038485
1428,42661 : hsa-miR-492,0.01145084653381967
1429,146025 : hsa-miR-2277-3p,0.01143819990568673
1430,146105 : hsa-miR-1539,0.011364756589110403
1431,169298 : hsa-miR-4433-5p,0.011242176962281913
1432,169239 : hsa-miR-4732-5p,0.011213599048857326
1433,14279 : hsa-miR-362-5p,0.011208382730679478
1434,146158 : hsa-miR-3202,0.01119794567203991
1435,169036 : hsa-miR-4745-3p,0.011184898351846773
1436,168860 : hsa-miR-4766-5p,0.011161843042672759
1437,147866 : hsa-miR-3134,0.011161696001163124
1438,145973 : hsa-miR-664-3p,0.01110000862596161
1439,169004 : hsa-miR-4798-5p,0.011059594093709713
1440,168700 : hsa-miR-5696,0.01102187478842076
1441,11024 : hsa-miR-223-3p,0.011006797709178784
1442,147798 : hsa-miR-3141,0.010995938969512453
1443,27961 : hsa-miR-891a,0.01096038439715774
1444,168861 : hsa-miR-4754,0.010954611095165934
1445,168590 : hsa-miR-4520a-5p,0.010930227321963137
1446,168692 : hsa-miR-3688-5p,0.010876669995861787
1447,148627 : hsa-miR-615-5p,0.010854010176386097
1448,147943 : hsa-miR-3074-3p,0.010843753549922175
1449,169420 : hsa-miR-193b-5p,0.010733771387410496
1450,147851 : hsa-miR-3201,0.010700858692311188
1451,169057 : hsa-miR-4659b-3p,0.010674779890995634
1452,21702 : hsa-miR-219-1-3p,0.010578792346730648
1453,42457 : hsa-miR-323a-5p,0.010571655371995226
1454,168974 : hsa-miR-4757-5p,0.01056619735717601
1455,169252 : hsa-miR-4712-5p,0.010531571355525626
1456,168820 : hsa-miR-4711-5p,0.010471406419332752
1457,30687 : hsa-miR-93-5p,0.010471296962435872
1458,17272 : hsa-miR-551a,0.010450929246967
1459,11168 : hsa-miR-520d-3p,0.010409609644534079
1460,168929 : hsa-miR-4648,0.010362283686814466
1461,147857 : hsa-miR-3130-5p,0.01035515111614771
1462,42829 : hsa-miR-127-3p,0.010258180330691369
1463,147540 : hsa-miR-4310,0.010255197949683215
1464,168664 : hsa-miR-5683,0.01020267471693348
1465,168642 : hsa-miR-642b-3p,0.010105721707909021
1466,146072 : hsa-miR-1469,0.01007200047301593
1467,168795 : hsa-miR-4706,0.010012488407008524
1468,168983 : hsa-miR-2964a-3p,0.010002744712023226
1469,169304 : hsa-miR-4793-5p,0.00999895019135777
1470,147706 : hsa-miR-4255,0.009992695258882467
1471,168790 : hsa-miR-3120-5p,0.009897980592820321
1472,30592 : hsa-miR-599,0.009849065945846114
1473,168985 : hsa-miR-4722-5p,0.009848632551950676
1474,169412 : hsa-miR-1260a,0.009840128862721231
1475,168756 : hsa-miR-548al,0.009665976303845802
1476,11065 : hsa-miR-335-5p,0.00965902314129563
1477,147795 : hsa-miR-3186-3p,0.009624483565033204
1478,169226 : hsa-miR-4419a,0.009575156361601111
1479,169118 : hsa-miR-5009-3p,0.009569430203093754
1480,46231 : hsa-miR-519b-3p,0.009530527666715916
1481,147771 : hsa-miR-4328,0.009435878685267962
1482,148645 : hsa-miR-129-5p,0.009338698812097812
1483,169020 : hsa-miR-4506,0.009337336176023614
1484,46507 : hsa-miR-921,0.009293225858301168
1485,147935 : hsa-miR-3125,0.009277278077757467
1486,168730 : hsa-miR-4464,0.009275214328405612
1487,11007 : hsa-miR-206,0.009253446045149216
1488,168884 : hsa-miR-548aq-5p,0.009232246511817754
1489,145943 : hsa-miR-100-5p,0.00911422395389816
1490,46438 : hsa-let-7g-5p,0.009003498627798923
1491,147838 : hsa-miR-3194-5p,0.008851986124883915
1492,28966 : hsa-miR-574-3p,0.00869579813346788
1493,145689 : hsa-miR-543,0.008625441471227235
1494,46738 : hsa-miR-1182,0.00858424872463237
1495,147360 : hsa-miRPlus-J1004,0.008550621676103765
1496,46707 : hsa-miR-1253,0.008526270841704875
1497,46223 : hsa-miR-1306-3p,0.008503976541489378
1498,146113 : hsa-miRPlus-G1246-3p,0.008449682713715934
1499,146114 : hsa-miR-1538,0.008408714634704495
1500,168987 : hsa-miR-4523,0.008379200164101652
1501,169054 : hsa-miR-4422,0.00827518238717806
1502,145749 : hsa-miR-137,0.008268614838074617
1503,169267 : hsa-miR-548aj-5p,0.008249818955162525
1504,148272 : hsa-miR-3615,0.008235363634868209
1505,148379 : hsa-miR-3654,0.008222194444061248
1506,148118 : hsa-miR-676-5p,0.008167270172948049
1507,147863 : hsa-miR-3155a,0.008160507118940785
1508,145946 : hsa-miR-449a,0.008053953413600379
1509,168956 : hsa-miR-4524b-3p,0.008035444871995256
1510,11260 : hsa-miR-151a-5p,0.008024504615752548
1511,42502 : hsa-miR-204-3p,0.00795420230638566
1512,145676 : hsa-miR-30e-3p,0.007910536506540833
1513,42761 : hsa-miR-675-5p,0.007899328145548612
1514,11093 : hsa-miR-379-5p,0.00780259247023829
1515,46766 : hsa-miR-1208,0.007767178765622829
1516,11078 : hsa-miR-365a-3p,0.007731508397598841
1517,147649 : hsa-miR-500a-5p,0.007725281051024879
1518,168623 : hsa-miR-4672,0.007715147205170858
1519,14258 : hsa_negative_control_1,0.0076304510040043905
1520,168716 : hsa-miR-4487,0.007515835169139562
1521,42899 : hsa-miR-377-5p,0.007508254677326409
1522,169162 : hsa-miR-5691,0.007449297095226459
1523,145965 : hsa-miR-518d-3p,0.007404229462145917
1524,145722 : hsa-miR-520e,0.007403588141499995
1525,105441 : hsa-miR-518c-3p,0.007302240923813708
1526,42654 : hsa-miR-483-5p,0.007117456294747804
1527,147891 : hsa-miR-3175,0.006706836531128912
1528,168733 : hsa-miR-5583-3p,0.006585480749190964
1529,147887 : hsa-miR-3147,0.0064953553241795525
1530,147809 : hsa-miR-514b-3p,0.006357771958142466
1531,168928 : hsa-miR-4431,0.0063264416566148896
1532,11154 : hsa-miR-517c-3p,0.006318522009546745
1533,169131 : hsa-miR-4724-3p,0.006268450550090066
1534,17624 : hsa-miR-532-5p,0.006221323364286491
1535,168741 : hsa-miR-5681a,0.0061807398601305685
1536,168786 : hsa-miR-3618,0.006152036627854907
1537,169063 : hsa-miR-4690-3p,0.006138548216676698
1538,148251 : hsa-miR-3689a-5p,0.0061146345810050295
1539,147613 : hsa-miR-3145-3p,0.005947257092125513
1540,46751 : hsa-miR-2278,0.0059443742803746424
1541,42620 : hsa-miR-188-5p,0.005852792541029217
1542,169270 : hsa-miR-4458,0.00575725710648789
1543,147614 : hsa-miR-4299,0.0057314461808026795
1544,168695 : hsa-miR-5589-5p,0.0056775747097275175
1545,145762 : hsa-miR-549,0.005556035210438903
1546,11171 : hsa-miR-521,0.005495406350710885
1547,42442 : hsa-miR-498,0.005475701091608887
1548,148674 : hsa-miR-4321,0.005335978852266665
1549,32891 : hsa-miR-769-5p,0.005322280342915819
1550,168919 : hsa-miR-4456,0.005283723706080767
1551,168633 : hsa-miR-3190-5p,0.0052713637806454106
1552,169011 : hsa-miR-4801,0.005169479308749336
1553,168814 : hsa-miR-4463,0.005112227973121497
1554,169322 : hsa-miR-4534,0.005061488130951863
1555,168885 : hsa-miR-5194,0.005007451733824331
1556,169172 : hsa-miR-4445-3p,0.0049704554110570065
1557,145694 : hsa-miR-100-3p,0.004961873548228413
1558,145986 : hsa-miR-2052,0.004841210496806525
1559,42553 : hsa-miR-216a,0.004818103389838679
1560,145847 : hsa-miR-766-3p,0.00481560732124664
1561,145732 : hsa-miR-346,0.004704396324368254
1562,17493 : hsa-miR-622,0.00467671456238361
1563,148452 : hsa-miR-3678-5p,0.004672655381616542
1564,147996 : hsa-miR-3127-5p,0.004664757677391496
1565,46367 : hsa-miR-1283,0.004654805315148058
1566,169395 : hsa-miR-4484,0.0045553550166455015
1567,147735 : hsa-miR-4289,0.004470472081778087
1568,42490 : hsa-miR-505-5p,0.0043024919133793915
1569,145647 : hsa-miR-584-5p,0.004261853496611234
1570,169363 : hsa-miR-320c,0.004205462829137252
1571,19596 : hsa-miR-30d-5p,0.004088594524979561
1572,147688 : hsa-miR-548v,0.0040176941693321755
1573,168629 : hsa-miR-5087,0.003925107773579795
1574,42918 : hsa-miR-19b-2-5p,0.0038983722249086306
1575,13170 : hsa-miR-380-5p,0.0037755330341684434
1576,147703 : hsa-miR-3181,0.003705376178568587
1577,147616 : hsa-miR-4291,0.0036642260167680796
1578,169097 : hsa-miR-4735-3p,0.0035476575192145976
1579,147930 : hsa-miR-3144-3p,0.003479375233035986
1580,169219 : hsa-miR-5591-5p,0.003459908485338392
1581,56873 : hsa-miR-3124-5p,0.0034519368694492236
1582,147964 : hsa-miRPlus-J1005,0.003447510506494167
1583,169023 : hsa-miR-4712-3p,0.003444148417713677
1584,168748 : hsa-miR-320e,0.0033907235177215167
1585,168612 : hsa-miR-4733-5p,0.003333869564239089
1586,168800 : hsa-miR-4724-5p,0.003327874258029828
1587,169220 : hsa-miR-4697-3p,0.003301231202816446
1588,169059 : hsa-miR-642a-3p,0.0031978816837501256
1589,145746 : hsa-let-7i-3p,0.0031870153211173147
1590,11037 : hsa-miR-299-3p,0.003173206297269582
1591,17298 : hsa-miR-548b-3p,0.003165246199352101
1592,148377 : hsa-miR-3653,0.003050632164336431
1593,11023 : hsa-miR-222-3p,0.002890310772800442
1594,46264 : hsa-miR-298,0.0027658005907074124
1595,168557 : hsa-miR-4777-5p,0.002759900605037835
1596,146111 : hsa-miR-767-5p,0.0026188971450955556
1597,42477 : hsa-miR-324-5p,0.002535912355684511
1598,148039 : hsa-miR-3925-5p,0.002358372337254888
1599,147957 : hsa-miRPlus-J1002,0.002152035003290642
1600,148247 : hsa-miR-2355-3p,0.002083235552829521
1601,148668 : hsa-miR-378a-3p,0.00207489685622142
1602,147931 : hsa-miR-3166,0.0018799181803832443
1603,42865 : hsa-miR-181a-5p,0.0018369020042199313
1604,168976 : hsa-miR-3135b,0.0018086644234713845
1605,13485 : hsa-miR-10a-5p,0.001767257889145002
1606,42617 : hsa-miR-541-5p,0.001766184039687202
1607,148216 : hsa-miR-3907,0.0017452999539679936
1608,148601 : hsa-miR-3617,0.0017272168739137506
1609,169110 : hsa-miR-4497,0.001599134730659868
1610,169212 : hsa-miR-514a-5p,0.0015895282077276196
1611,28520 : hsa-miR-454-5p,0.0015388821636950212
1612,168979 : hsa-miR-4734,0.001487305413237383
1613,169027 : hsa-miR-3973,0.0014594348962368997
1614,146029 : hsa-miR-365a-5p,0.001414092453836835
1615,145693 : hsa-miR-92a-3p,0.0013464867262971136
1616,147979 : hsa-miR-3150a-3p,0.0011357413472845579
1617,147652 : hsa-miR-4293,0.0010918553709959866
1618,42723 : hsa-miR-195-3p,0.0010839832771980529
1619,148012 : hsa-miR-3545-3p,0.0010533302673285672
1620,145963 : hsa-miR-646,0.0010042436964783352
1621,145648 : hsa-miR-598,0.0009585045956244098
1622,10919 : hsa-miR-103a-3p,0.0008747545913410093
1623,17463 : hsa-miR-151a-3p,0.0007016826042451907
1624,148332 : hsa-miR-3692-5p,0.0006833883080508141
1625,147589 : hsa-miR-1193,0.0006389228009524572
1626,169357 : hsa-miR-4689,0.0005509051353620453
1627,146006 : hsa-miR-670,0.0005496285574999593
1628,46416 : hsa-miR-1293,0.0003880826064248666
1629,17327 : hsa-miR-630,0.00038775675100422013
1630,168620 : hsa-miR-548au-3p,0.00033963914589829614
1631,46808 : hsa-miR-4485,0.000303072089632872
1632,168598 : hsa-miR-5007-3p,0.0002589198168030382
1633,168725 : hsa-miR-4700-5p,0.0001387272054196309
1634,169112 : hsa-miR-4727-3p,0.00011799070314677529
1635,148474 : hsa-miR-3622a-5p,4.0825165069868774e-05
1636,13178 : hsa-miR-18a-3p,2.255848390020354e-05
1637,147862 : hsa-miR-3158-3p,1.8134896615507046e-05
1638,169387 : hsa-miR-5703,6.902504958716804e-07
1639,146115 : hsa-miR-940,0.0
1640,146109 : hsa-miR-1910,0.0
1641,146107 : hsa-miR-762,0.0
1642,146103 : hsa-miR-1913,0.0
1643,145744 : hsa-miR-568,0.0
1644,169018 : hsa-miR-4640-5p,0.0
1645,169016 : hsa-miR-4743,0.0
1646,169014 : hsa-miR-4714-3p,0.0
1647,169013 : hsa-miR-5195-5p,0.0
1648,169010 : hsa-miR-2681-3p,0.0
1649,145692 : hsa-miR-499a-3p,0.0
1650,145687 : hsa-miR-384,0.0
1651,146190 : hsa-miR-3927,0.0
1652,146180 : hsa-miR-1909-3p,0.0
1653,146179 : hsa-miR-2113,0.0
1654,168808 : hsa-miR-4779,0.0
1655,147262 : hsa-miR-548h-3p,0.0
1656,147198 : hsa-miR-26a-5p,0.0
1657,168991 : hsa-miR-873-3p,0.0
1658,168990 : hsa-miR-5688,0.0
1659,168989 : hsa-miR-4447,0.0
1660,168988 : hsa-miR-4799-5p,0.0
1661,169045 : hsa-miR-4651,0.0
1662,46592 : hsa-miR-548j,0.0
1663,46567 : hsa-miR-3176,0.0
1664,168799 : hsa-miR-4710,0.0
1665,168793 : hsa-miR-4483,0.0
1666,168789 : hsa-miR-4686,0.0
1667,147545 : hsa-miR-3128,0.0
1668,147543 : hsa-miR-3167,0.0
1669,147530 : hsa-miR-378b,0.0
1670,147523 : hsa-miR-4263,0.0
1671,169033 : hsa-miR-5680,0.0
1672,46779 : hsa-miR-1206,0.0
1673,46866 : hsa-miR-1321,0.0
1674,145634 : hsa-miR-132-5p,0.0
1675,169074 : hsa-miR-3972,0.0
1676,169070 : hsa-miR-4695-3p,0.0
1677,169067 : hsa-miR-4691-5p,0.0
1678,46515 : hsa-miR-1537,0.0
1679,147516 : hsa-miR-4319,0.0
1680,168775 : hsa-miR-4647,0.0
1681,168772 : hsa-miR-224-5p,0.0
1682,168760 : hsa-miR-4749-5p,0.0
1683,147610 : hsa-miR-3186-5p,0.0
1684,147606 : hsa-miR-4259,0.0
1685,147603 : hsa-miR-4300,0.0
1686,147569 : hsa-miR-4256,0.0
1687,168754 : hsa-miR-5692b,0.0
1688,169052 : hsa-miR-4719,0.0
1689,147684 : hsa-miR-3200-5p,0.0
1690,46356 : hsa-miR-30b-3p,0.0
1691,46439 : hsa-miR-1243,0.0
1692,46414 : hsa-miR-548h-5p,0.0
1693,168749 : hsa-miR-138-1-3p,0.0
1694,168746 : hsa-miR-4756-5p,0.0
1695,168737 : hsa-miR-5685,0.0
1696,147651 : hsa-miR-3123,0.0
1697,147618 : hsa-miR-4261,0.0
1698,45764 : hsa-miR-302e,0.0
1699,169115 : hsa-miR-450a-3p,0.0
1700,169113 : hsa-miR-4755-5p,0.0
1701,169108 : hsa-miR-4713-5p,0.0
1702,169106 : hsa-miR-4783-3p,0.0
1703,169098 : hsa-miR-3691-3p,0.0
1704,147611 : hsa-miR-4305,0.0
1705,168728 : hsa-miR-4641,0.0
1706,168723 : hsa-miR-4789-5p,0.0
1707,147705 : hsa-miR-4320,0.0
1708,147786 : hsa-miR-3198,0.0
1709,169133 : hsa-miR-4537,0.0
1710,169132 : hsa-miR-382-3p,0.0
1711,169128 : hsa-miR-4510,0.0
1712,169125 : hsa-miR-4418,0.0
1713,169119 : hsa-miR-4786-3p,0.0
1714,42932 : hsa-miR-920,0.0
1715,46210 : hsa-miR-1249,0.0
1716,147673 : hsa-miR-4262,0.0
1717,147664 : hsa-miR-4311,0.0
1718,168718 : hsa-miR-4684-3p,0.0
1719,168710 : hsa-miR-4536-5p,0.0
1720,168705 : hsa-miR-5589-3p,0.0
1721,168698 : hsa-miR-3127-3p,0.0
1722,168697 : hsa-miR-3189-5p,0.0
1723,168652 : hsa-miR-4760-3p,0.0
1724,169144 : hsa-miR-1273g-5p,0.0
1725,169142 : hsa-miR-550a-5p,0.0
1726,169140 : hsa-miR-3150a-5p,0.0
1727,42839 : hsa-miR-135a-5p,0.0
1728,42838 : hsa-miRPlus-C1076,0.0
1729,42885 : hsa-miR-376a-5p,0.0
1730,168671 : hsa-miR-3140-5p,0.0
1731,168665 : hsa-miR-3619-3p,0.0
1732,147823 : hsa-miR-3146,0.0
1733,168689 : hsa-miR-361-3p,0.0
1734,168680 : hsa-miR-378f,0.0
1735,147760 : hsa-miR-4316,0.0
1736,147799 : hsa-miR-3156-5p,0.0
1737,146049 : hsa-miR-28-5p,0.0
1738,145756 : hsa-miR-488-5p,0.0
1739,168953 : hsa-miR-4704-5p,0.0
1740,169101 : hsa-miR-4469,0.0
1741,168947 : hsa-miR-3975,0.0
1742,168945 : hsa-miR-326,0.0
1743,146000 : hsa-miR-1911-5p,0.0
1744,42747 : hsa-miR-93-3p,0.0
1745,169151 : hsa-miR-4526,0.0
1746,148358 : hsa-miR-3657,0.0
1747,147854 : hsa-miR-548u,0.0
1748,147848 : hsa-miR-466,0.0
1749,147843 : hsa-miR-3144-5p,0.0
1750,168655 : hsa-miR-5588-5p,0.0
1751,169173 : hsa-miR-5590-3p,0.0
1752,148243 : hsa-miR-3689a-3p,0.0
1753,11013 : hsa-miR-181a-3p,0.0
1754,169377 : hsa-miR-4715-3p,0.0
1755,169171 : hsa-miR-4436b-5p,0.0
1756,42686 : hsa-miR-136-3p,0.0
1757,169369 : hsa-miR-4490,0.0
1758,42718 : hsa-miR-130a-5p,0.0
1759,42702 : hsa-miR-30c-1-3p,0.0
1760,42764 : hsa-miR-412,0.0
1761,169368 : hsa-miR-3529-3p,0.0
1762,168967 : hsa-miR-4476,0.0
1763,168962 : hsa-miR-548ab,0.0
1764,145824 : hsa-miR-509-3-5p,0.0
1765,145971 : hsa-miR-611,0.0
1766,168892 : hsa-miR-4424,0.0
1767,11084 : hsa-miR-372,0.0
1768,32711 : hsa-miR-633,0.0
1769,32190 : hsa-miR-607,0.0
1770,42492 : hsa-miRPlus-A1031,0.0
1771,11083 : hsa-miR-371a-3p,0.0
1772,10923 : hsa-miR-107,0.0
1773,42455 : hsa-miR-520f,0.0
1774,11043 : hsa-miR-302b-3p,0.0
1775,147902 : hsa-miR-3193,0.0
1776,147881 : hsa-miR-3115,0.0
1777,147880 : hsa-miR-323b-3p,0.0
1778,147874 : hsa-miR-544b,0.0
1779,11151 : hsa-miR-516b-5p,0.0
1780,147923 : hsa-miR-3142,0.0
1781,147917 : hsa-miR-3151,0.0
1782,169176 : hsa-miR-5587-5p,0.0
1783,169221 : hsa-miR-4748,0.0
1784,169337 : hsa-miR-3155a,0.0
1785,169330 : hsa-miR-23b-3p,0.0
1786,168952 : hsa-miR-4781-3p,0.0
1787,169209 : hsa-miR-4662b,0.0
1788,31517 : hsa-miR-561-3p,0.0
1789,30442 : hsa-miR-802,0.0
1790,30317 : hsa-miR-561-5p,0.0
1791,169199 : hsa-miR-4518,0.0
1792,147916 : hsa-miR-3126-3p,0.0
1793,147914 : hsa-miR-514b-5p,0.0
1794,147907 : hsa-miR-4312,0.0
1795,147905 : hsa-miR-3139,0.0
1796,148256 : hsa-miR-3683,0.0
1797,168618 : hsa-miR-4783-5p,0.0
1798,168615 : hsa-miR-4655-3p,0.0
1799,169415 : hsa-miR-187-5p,0.0
1800,168579 : hsa-miR-5706,0.0
1801,168575 : hsa-miR-4763-5p,0.0
1802,168570 : hsa-miR-2682-3p,0.0
1803,168564 : hsa-miR-548at-5p,0.0
1804,148024 : hsa-miR-3923,0.0
1805,168858 : hsa-miR-4638-3p,0.0
1806,168857 : hsa-miR-2392,0.0
1807,168601 : hsa-miR-146b-3p,0.0
1808,168855 : hsa-miR-4675,0.0
1809,168852 : hsa-miR-4764-5p,0.0
1810,146160 : hsa-miR-133b,0.0
1811,147942 : hsa-miR-4268,0.0
1812,147941 : hsa-miR-3160-3p,0.0
1813,147938 : hsa-miR-4287,0.0
1814,169222 : hsa-miR-4760-5p,0.0
1815,19016 : hsa-miR-217,0.0
1816,17961 : hsa-miR-629-5p,0.0
1817,21501 : hsa-miR-891b,0.0
1818,10928 : hsa-miR-125a-5p,0.0
1819,148393 : hsa-miR-676-3p,0.0
1820,147977 : hsa-miR-3190-3p,0.0
1821,168562 : hsa-miR-4738-3p,0.0
1822,148388 : hsa-miR-3677-3p,0.0
1823,148691 : hsa-miR-602,0.0
1824,148677 : hsa-miR-637,0.0
1825,148065 : hsa-miR-3689b-3p,0.0
1826,148064 : hsa-miR-3926,0.0
1827,169234 : hsa-miR-4663,0.0
1828,148383 : hsa-miR-103a-2-5p,0.0
1829,28251 : hsa-miR-770-5p,0.0
1830,27565 : hsa-miR-423-5p,0.0
1831,169275 : hsa-miR-548aq-3p,0.0
1832,169266 : hsa-miR-378d,0.0
1833,169263 : hsa-miR-4634,0.0
1834,17898 : hsa-miR-99b-3p,0.0
1835,17883 : hsa-miR-19b-1-5p,0.0
1836,17870 : hsa-miR-628-5p,0.0
1837,169258 : hsa-miR-5692c,0.0
1838,148059 : hsa-miR-493-5p,0.0
1839,148052 : hsa-miR-374c-3p,0.0
1840,148040 : hsa-miR-1247-3p,0.0
1841,148382 : hsa-miR-3609,0.0
1842,148380 : hsa-miR-3913-5p,0.0
1843,148663 : hsa-miR-557,0.0
1844,148650 : hsa-miR-516a-5p,0.0
1845,148167 : hsa-miR-3670,0.0
1846,169251 : hsa-miR-4653-5p,0.0
1847,148188 : hsa-miR-2277-5p,0.0
1848,17594 : hsa-miR-587,0.0
1849,17577 : hsa-miR-613,0.0
1850,169295 : hsa-miR-4725-3p,0.0
1851,169279 : hsa-miR-499b-3p,0.0
1852,17825 : hsa-miR-338-5p,0.0
1853,17676 : hsa-miR-152,0.0
1854,148154 : hsa-miR-3922-3p,0.0
1855,148106 : hsa-miR-3678-3p,0.0
1856,148089 : hsa-miR-208a,0.0
1857,148637 : hsa-miR-198,0.0
1858,148626 : hsa-miR-497-3p,0.0
1859,148621 : hsa-miR-892a,0.0
1860,148374 : hsa-miR-3936,0.0
1861,148599 : hsa-miR-3680-5p,0.0
1862,169276 : hsa-miR-4474-3p,0.0
1863,17338 : hsa-miR-660-5p,0.0
1864,148361 : hsa-miR-3911,0.0
1865,17312 : hsa-miR-592,0.0
1866,145643 : hsa-miR-382-5p,0.0
1867,17536 : hsa-miR-562,0.0
1868,169001 : hsa-miR-4670-5p,0.0
1869,169000 : hsa-miR-5707,0.0
1870,17634 : hsa-miR-567,0.0
1871,17608 : hsa-miR-425-5p,0.0
1872,148577 : hsa-miR-3943,0.0
1873,148547 : hsa-miR-3622b-3p,0.0
1874,168995 : hsa-miR-4791,0.0
1875,145723 : hsa-miR-519c-3p,0.0
1876,148208 : hsa-miR-3610,0.0
1877,148196 : hsa-miR-548y,0.0
1878,148192 : hsa-miR-421,0.0
1879,145721 : hsa-miR-875-5p,0.0
1880,145972 : hsa-miR-141-5p,0.0
1881,168932 : hsa-miR-5094,0.0
1882,168930 : hsa-miR-5582-5p,0.0
1883,168923 : hsa-miR-4688,0.0
1884,168921 : hsa-miR-4718,0.0
1885,145968 : hsa-let-7d-5p,0.0
1886,146142 : hsa-miR-1972,0.0
1887,146122 : hsa-miR-2053,0.0
1888,168840 : hsa-miR-4457,0.0
1889,13137 : hsa-miR-518e-5p,0.0
1890,13133 : hsa-miR-520a-5p,0.0
1891,14272 : hsa-miR-542-3p,0.0
1892,169311 : hsa-miR-4714-5p,0.0
1893,169308 : hsa-miR-4503,0.0
1894,169306 : hsa-miR-4758-5p,0.0
1895,10901 : hsa_negative_control_6,0.0
1896,148349 : hsa-miR-3938,0.0
1897,148338 : hsa-miR-3064-3p,0.0
1898,168837 : hsa-miR-4793-3p,0.0
1899,168827 : hsa-miR-548ac,0.0
1900,169345 : hsa-miR-5008-5p,0.0
1901,146096 : hsa-miR-764,0.0
1902,145956 : hsa-miRPlus-A1083,0.0
1903,146094 : hsa-miR-1911-3p,0.0
1904,169384 : hsa-miR-1295b-5p,0.0
1905,169382 : hsa-miR-4680-5p,0.0
1906,10997 : hsa-miR-19a-3p,0.0
1907,10995 : hsa-miR-199a-3p,0.0
1908,10955 : hsa-miR-148a-3p,0.0
1909,146086 : hsa-miR-30a-5p,0.0
1910,148327 : hsa-miR-3651,0.0
1911,148307 : hsa-miR-3612,0.0
1912,148241 : hsa-miR-3649,0.0
1913,168881 : hsa-miR-4720-3p,0.0
1914,148449 : hsa-miR-3659,0.0
1915,148413 : hsa-miR-3614-3p,0.0
1916,148405 : hsa-miR-3669,0.0
1917,148398 : hsa-miR-3908,0.0
1918,168879 : hsa-miR-4460,0.0
1919,14259 : hsa_negative_control_2,0.0
1920,145842 : hsa-miR-658,0.0
1921,145839 : hsa-miR-662,0.0
1922,168905 : hsa-miR-4509,0.0
1923,168903 : hsa-miR-4439,0.0
1924,146008 : hsa-miR-26b-5p,0.0
1925,168874 : hsa-miR-4535,0.0
1926,11022 : hsa-miR-221-3p,0.0
