Rank,miRNA,Importance
1,4610 : hsa-miR-126-3p,0.058585744
2,10947 : hsa-miR-142-3p,0.046159133
3,10916 : hsa-miR-1,0.045211114
4,11102 : hsa-miR-410,0.042608403
5,168812 : hsa-miR-875-3p,0.041112963
6,147709 : hsa-miR-3185,0.041069973
7,169391 : hsa-miR-513a-3p,0.03242291
8,42734 : hsa-miR-2110,0.029405441
9,169314 : hsa-miR-4668-3p,0.022557726
10,10946 : hsa-miR-141-3p,0.021529913
11,17563 : hsa-miR-644a,0.021238511
12,147584 : hsa-miR-548t-5p,0.020980215
13,168644 : hsa-miR-4775,0.017495433
14,45936 : hsa-miR-1292,0.016403474
15,168791 : hsa-miR-4785,0.016402934
16,168906 : hsa-miR-4703-3p,0.016047662
17,42970 : hsa-miR-744-3p,0.015504432
18,5250 : hsa-miR-105-5p,0.015476533
19,42576 : hsa-miR-342-5p,0.015037584
20,148402 : hsa-miR-3920,0.014725992
21,46788 : hsa-miR-1299,0.014659521
22,42934 : hsa-miR-345-5p,0.014511959
23,148285 : hsa-miR-3941,0.014276044
24,42667 : hsa-miR-302b-5p,0.01367218
25,17875 : hsa-miR-500a-5p,0.013520087
26,14280 : hsa-miR-367-3p,0.012514552
27,147623 : hsa-miR-4304,0.012497676
28,10975 : hsa-miR-182-5p,0.011765259
29,42783 : hsa-miR-197-3p,0.009776898
30,11091 : hsa-miR-377-3p,0.009487557
31,11164 : hsa-miR-519e-3p,0.009085295
32,42640 : hsa-miR-20b-5p,0.00905197
33,13147 : hsa-miR-96-5p,0.008924124
34,42739 : hsa-miR-339-5p,0.0086648865
35,30787 : hsa-miR-125b-5p,0.008423642
36,148493 : hsa-miR-3613-3p,0.008422808
37,42772 : hsa-miR-566,0.008113077
38,169122 : hsa-miR-5687,0.008014555
39,46647 : hsa-miR-1324,0.007909174
40,169159 : hsa-miR-4521,0.007646692
41,14854 : hsa-miR-569,0.0073040016
42,4700 : hsa-miR-140-5p,0.006990763
43,169402 : hsa-miR-625-3p,0.006802787
44,168602 : hsa-miR-4666a-3p,0.006801432
45,148228 : hsa-miR-3656,0.0063854842
46,168612 : hsa-miR-4733-5p,0.006378981
47,10936 : hsa-miR-130b-3p,0.006220769
48,42902 : hsa-miR-185-5p,0.0061938884
49,17391 : hsa-miR-635,0.005904321
50,13179 : hsa-miR-455-5p,0.005689866
51,13143 : hsa-miR-301a-3p,0.0055137244
52,11085 : hsa-miR-373-3p,0.0054046884
53,9938 : hsa-let-7i-5p,0.005352892
54,42944 : hsa-miR-564,0.005299767
55,147997 : hsa-miR-3934,0.005237469
56,46295 : hsa-miR-1286,0.004924612
57,168815 : hsa-miR-4488,0.0047157663
58,29460 : hsa-miR-553,0.004715084
59,42703 : hsa-miR-490-3p,0.00466761
60,168606 : hsa-miR-4633-5p,0.004622516
61,42641 : hsa-miR-145-5p,0.0046164943
62,42692 : hsa-miR-127-5p,0.004581018
63,168819 : hsa-miR-200a-3p,0.0043364945
64,11004 : hsa-miR-203,0.0043266346
65,11074 : hsa-miR-34c-5p,0.0041924673
66,146009 : hsa-miR-376a-3p,0.004143385
67,4040 : hsa-miR-9-5p,0.004115081
68,168624 : hsa-miR-5581-5p,0.004094917
69,19582 : hsa-miR-106b-5p,0.0036231244
70,168900 : hsa-miR-4721,0.0034140851
71,46863 : hsa-miR-3157-3p,0.0031181679
72,10985 : hsa-miR-191-5p,0.002899399
73,169329 : hsa-miR-370,0.002835288
74,145677 : hsa-miR-139-5p,0.0028236967
75,31867 : hsa-miR-145-3p,0.0025513878
76,10986 : hsa-miR-193a-3p,0.002509547
77,147186 : hsa-miR-200b-3p,0.0025014263
78,27672 : hsa-miR-615-3p,0.00249896
79,17592 : hsa-miR-604,0.0024148982
80,10988 : hsa-miR-194-5p,0.0024011051
81,145971 : hsa-miR-611,0.002394055
82,168621 : hsa-miR-4796-5p,0.0023311966
83,10903 : hsa_negative_control_8,0.0023230244
84,17535 : hsa-miR-548a-3p,0.0022759496
85,147816 : hsa-miR-3162-5p,0.0022640063
86,10987 : hsa-miR-193b-3p,0.0022263764
87,10919 : hsa-miR-103a-3p,0.0021579124
88,168707 : hsa-miR-4767,0.0021447986
89,27740 : hsa-miR-574-5p,0.0021265051
90,10964 : hsa-miR-155-5p,0.0020971105
91,146148 : hsa-miR-548q,0.00204961
92,13178 : hsa-miR-18a-3p,0.0020058597
93,10972 : hsa-miR-181b-5p,0.0019701375
94,168915 : hsa-miR-4780,0.0019538116
95,168872 : hsa-miR-24-1-5p,0.0019252512
96,168996 : hsa-miR-4524a-3p,0.0019161076
97,169186 : hsa-miR-4520a-3p,0.0018780427
98,168925 : hsa-miR-1273g-3p,0.0018384461
99,11138 : hsa-miR-506-3p,0.0017303461
100,145976 : hsa-miR-663b,0.0016899614
101,169067 : hsa-miR-4691-5p,0.0016647899
102,11045 : hsa-miR-302c-5p,0.0016398134
103,14962 : hsa-miR-581,0.0016240466
104,27546 : hsa-miR-380-3p,0.0015742299
105,17888 : hsa-let-7a-3p,0.0015069984
106,46705 : hsa-miR-548k,0.001374452
107,168823 : hsa-miR-4522,0.0012057171
108,147904 : hsa-miR-3148,0.0010945095
109,169289 : hsa-miR-4692,0.00095949566
110,148040 : hsa-miR-1247-3p,0.0008073232
111,169368 : hsa-miR-3529-3p,0.0004012512
112,29577 : hsa-miR-374a-3p,0.00035598135
113,168894 : hsa-miR-3978,0.00028222345
114,148410 : hsa-miR-3676-3p,0.00013783721
115,147768 : hsa-miR-4257,3.474512e-05
116,11053 : hsa-miR-32-5p,0.0
117,11058 : hsa-miR-325,0.0
118,11061 : hsa-miR-329,0.0
119,11063 : hsa-miR-330-3p,0.0
120,11065 : hsa-miR-335-5p,0.0
121,11073 : hsa-miR-34b-5p,0.0
122,11077 : hsa-miR-363-3p,0.0
123,11078 : hsa-miR-365a-3p,0.0
124,11083 : hsa-miR-371a-3p,0.0
125,11084 : hsa-miR-372,0.0
126,11092 : hsa-miR-378a-5p,0.0
127,11093 : hsa-miR-379-5p,0.0
128,11104 : hsa-miR-422a,0.0
129,11108 : hsa-miR-425-3p,0.0
130,11111 : hsa-miR-432-5p,0.0
131,11113 : hsa-miR-448,0.0
132,11121 : hsa-miR-489,0.0
133,11134 : hsa-miR-502-5p,0.0
134,11139 : hsa-miR-507,0.0
135,11140 : hsa-miR-508-3p,0.0
136,11141 : hsa-miR-509-3p,0.0
137,11144 : hsa-miR-512-3p,0.0
138,11148 : hsa-miR-515-3p,0.0
139,11149 : hsa-miR-515-5p,0.0
140,11151 : hsa-miR-516b-5p,0.0
141,11154 : hsa-miR-517c-3p,0.0
142,11155 : hsa-miR-518a-3p,0.0
143,11159 : hsa-miR-518e-3p,0.0
144,11165 : hsa-miR-520a-3p,0.0
145,11168 : hsa-miR-520d-3p,0.0
146,11171 : hsa-miR-521,0.0
147,11181 : hsa-miR-95,0.0
148,11182 : hsa-miR-98,0.0
149,11184 : hsa-miR-99b-5p,0.0
150,11240 : hsa-miR-409-3p,0.0
151,11260 : hsa-miR-151a-5p,0.0
152,11277 : hsa-miR-7-1-3p,0.0
153,13130 : hsa-miR-517-5p,0.0
154,13132 : hsa-miR-519e-5p,0.0
155,13133 : hsa-miR-520a-5p,0.0
156,13137 : hsa-miR-518e-5p,0.0
157,13140 : hsa-miR-138-5p,0.0
158,13148 : hsa-miR-195-5p,0.0
159,13170 : hsa-miR-380-5p,0.0
160,13171 : hsa-miR-429,0.0
161,13177 : hsa-miR-143-3p,0.0
162,13183 : hsa-miR-487a,0.0
163,13485 : hsa-miR-10a-5p,0.0
164,14258 : hsa_negative_control_1,0.0
165,14259 : hsa_negative_control_2,0.0
166,14260 : hsa_negative_control_3,0.0
167,14266 : hsa_negative_control_4,0.0
168,14270 : hsa-miR-493-3p,0.0
169,14271 : hsa-miR-539-5p,0.0
170,14272 : hsa-miR-542-3p,0.0
171,14279 : hsa-miR-362-5p,0.0
172,14285 : hsa-miR-487b,0.0
173,14300 : hsa-miR-29c-5p,0.0
174,14301 : hsa-miR-361-5p,0.0
175,14313 : hsa-miR-499a-5p,0.0
176,14328 : hsa-miR-124-3p,0.0
177,15619 : hsa-miR-649,0.0
178,17272 : hsa-miR-551a,0.0
179,17280 : hsa-miR-15b-5p,0.0
180,17289 : hsa-miR-616-5p,0.0
181,17298 : hsa-miR-548b-3p,0.0
182,17302 : hsa-miR-578,0.0
183,17312 : hsa-miR-592,0.0
184,17325 : hsa-miR-643,0.0
185,17327 : hsa-miR-630,0.0
186,17336 : hsa-miR-618,0.0
187,17338 : hsa-miR-660-5p,0.0
188,17347 : hsa-miR-708-3p,0.0
189,17349 : hsa-miR-595,0.0
190,17353 : hsa-miR-609,0.0
191,17377 : hsa-miR-600,0.0
192,17393 : hsa-miR-603,0.0
193,17427 : hsa-miR-200c-3p,0.0
194,17444 : hsa-miR-632,0.0
195,17445 : hsa-miR-610,0.0
196,17459 : hsa-miR-580,0.0
197,17460 : hsa-miR-657,0.0
198,17463 : hsa-miR-151a-3p,0.0
199,17482 : hsa-miR-411-5p,0.0
200,17490 : hsa-miR-571,0.0
201,17493 : hsa-miR-622,0.0
202,17498 : hsa-miR-601,0.0
203,17503 : hsa-miR-590-5p,0.0
204,17506 : hsa-miR-24-3p,0.0
205,17530 : hsa-miR-641,0.0
206,17536 : hsa-miR-562,0.0
207,17546 : hsa-miR-585,0.0
208,17566 : hsa-miR-629-3p,0.0
209,17569 : hsa-miR-563,0.0
210,17570 : hsa-miR-589-3p,0.0
211,17577 : hsa-miR-613,0.0
212,17593 : hsa-miR-650,0.0
213,17594 : hsa-miR-587,0.0
214,17608 : hsa-miR-425-5p,0.0
215,17612 : hsa-miR-555,0.0
216,17613 : hsa-miR-645,0.0
217,17624 : hsa-miR-532-5p,0.0
218,17625 : hsa-miR-627,0.0
219,17626 : hsa-miR-575,0.0
220,17630 : hsa-miR-588,0.0
221,17634 : hsa-miR-567,0.0
222,17641 : hsa-miR-573,0.0
223,17652 : hsa-miR-558,0.0
224,17660 : hsa-miR-550a-3p,0.0
225,17668 : hsa-miR-552,0.0
226,17676 : hsa-miR-152,0.0
227,17732 : hsa-miR-192-5p,0.0
228,17752 : hsa-let-7f-5p,0.0
229,17810 : hsa-miR-29b-1-5p,0.0
230,17814 : hsa-miR-570-3p,0.0
231,17818 : hsa-miR-27a-5p,0.0
232,17820 : hsa-miRPlus-C1066,0.0
233,17822 : hsa-miR-490-5p,0.0
234,17824 : hsa-miRPlus-A1025,0.0
235,17825 : hsa-miR-338-5p,0.0
236,17835 : hsa-miR-450a-5p,0.0
237,17841 : hsa-miRPlus-C1100,0.0
238,17848 : hsa-miRPlus-A1087,0.0
239,17851 : hsa-miR-200c-5p,0.0
240,17853 : hsa-miR-30d-3p,0.0
241,17854 : hsa-miR-106b-3p,0.0
242,17858 : hsa-miRPlus-A1073,0.0
243,17863 : hsa-miR-934,0.0
244,17866 : hsa-miR-331-5p,0.0
245,17870 : hsa-miR-628-5p,0.0
246,17872 : hsa-miR-148a-5p,0.0
247,17882 : hsa-miR-20b-3p,0.0
248,17883 : hsa-miR-19b-1-5p,0.0
249,17886 : hsa-miR-301b,0.0
250,17892 : hsa-miRPlus-C1087,0.0
251,17893 : hsa-miR-362-3p,0.0
252,17898 : hsa-miR-99b-3p,0.0
253,17902 : hsa-miR-15b-3p,0.0
254,17917 : hsa-miR-873-5p,0.0
255,17918 : hsa-miR-222-5p,0.0
256,17928 : hsa-miR-181a-2-3p,0.0
257,17935 : hsa-miR-101-5p,0.0
258,17936 : hsa-miR-16-1-3p,0.0
259,17942 : hsa-miR-125a-3p,0.0
260,17944 : hsa-miR-337-5p,0.0
261,17946 : hsa-miR-192-3p,0.0
262,17953 : hsa-miR-183-3p,0.0
263,17958 : hsa-miR-576-3p,0.0
264,17961 : hsa-miR-629-5p,0.0
265,18739 : hsa-miR-186-5p,0.0
266,19016 : hsa-miR-217,0.0
267,19585 : hsa-miR-148b-3p,0.0
268,19588 : hsa-miR-17-3p,0.0
269,19591 : hsa-miR-199b-5p,0.0
270,19595 : hsa-miR-30a-3p,0.0
271,19596 : hsa-miR-30d-5p,0.0
272,21498 : hsa-miR-654-3p,0.0
273,21501 : hsa-miR-891b,0.0
274,21702 : hsa-miR-219-1-3p,0.0
275,23767 : hsa-miR-759,0.0
276,27229 : hsa-miR-511,0.0
277,27533 : hsa-miR-320a,0.0
278,27536 : hsa-miR-190a,0.0
279,27544 : hsa-miR-363-5p,0.0
280,27545 : hsa-miR-373-5p,0.0
281,27549 : hsa-miR-548d-3p,0.0
282,27551 : hsa-miR-612,0.0
283,27565 : hsa-miR-423-5p,0.0
284,27568 : hsa-miR-744-5p,0.0
285,27720 : hsa-miR-15a-5p,0.0
286,27838 : hsa-miR-302d-3p,0.0
287,27961 : hsa-miR-891a,0.0
288,28019 : hsa-miR-10a-3p,0.0
289,28047 : hsa-miR-890,0.0
290,28191 : hsa-miR-30e-5p,0.0
291,28251 : hsa-miR-770-5p,0.0
292,28302 : hsa-miRPlus-A1015,0.0
293,28396 : hsa-miR-767-3p,0.0
294,28480 : hsa-miR-504,0.0
295,28520 : hsa-miR-454-5p,0.0
296,28534 : hsa-miRPlus-D1058,0.0
297,28759 : hsa-miR-758,0.0
298,28884 : hsa-miR-876-3p,0.0
299,28889 : hsa-miR-888-5p,0.0
300,28950 : hsa-miR-455-3p,0.0
301,28966 : hsa-miR-574-3p,0.0
302,29190 : hsa-miR-708-5p,0.0
303,29328 : hsa-miR-582-3p,0.0
304,29379 : hsa-miR-452-5p,0.0
305,29490 : hsa-miR-7-5p,0.0
306,29529 : hsa-miR-369-3p,0.0
307,29562 : hsa-miR-199a-5p,0.0
308,29575 : hsa-miR-32-3p,0.0
309,29736 : hsa-miR-656,0.0
310,29802 : hsa-miR-144-3p,0.0
311,29852 : hsa-miR-9-3p,0.0
312,29872 : hsa-miR-340-5p,0.0
313,29883 : hsa-miR-606,0.0
314,30033 : hsa-miR-877-5p,0.0
315,30209 : hsa-miRPlus-C1114,0.0
316,30317 : hsa-miR-561-5p,0.0
317,30442 : hsa-miR-802,0.0
318,30493 : hsa-miR-548a-5p,0.0
319,30592 : hsa-miR-599,0.0
320,30687 : hsa-miR-93-5p,0.0
321,31026 : hsa-miR-101-3p,0.0
322,31076 : hsa-miR-559,0.0
323,31349 : hsa-miR-524-3p,0.0
324,31517 : hsa-miR-561-3p,0.0
325,32095 : hsa-miR-624-3p,0.0
326,32190 : hsa-miR-607,0.0
327,32608 : hsa-miR-761,0.0
328,32711 : hsa-miR-633,0.0
329,32731 : hsa-miR-190b,0.0
330,32884 : hsa-miR-342-3p,0.0
331,32891 : hsa-miR-769-5p,0.0
332,32946 : hsa-miR-486-5p,0.0
333,33043 : hsa-miR-544a,0.0
334,33407 : hsa-miR-626,0.0
335,33596 : hsa-miR-126-5p,0.0
336,33902 : hsa-miR-128,0.0
337,42442 : hsa-miR-498,0.0
338,42446 : hsa-miR-576-5p,0.0
339,42447 : hsa-miR-556-3p,0.0
340,42451 : hsa-miR-139-3p,0.0
341,42455 : hsa-miR-520f,0.0
342,42457 : hsa-miR-323a-5p,0.0
343,42460 : hsa-miR-223-5p,0.0
344,42475 : hsa-miR-221-5p,0.0
345,42476 : hsa-miR-374b-3p,0.0
346,42477 : hsa-miR-324-5p,0.0
347,42478 : hsa-miR-593-5p,0.0
348,42480 : hsa-miR-485-5p,0.0
349,42482 : hsa-miR-591,0.0
350,42483 : hsa-miR-522-3p,0.0
351,42490 : hsa-miR-505-5p,0.0
352,42492 : hsa-miRPlus-A1031,0.0
353,42493 : hsa-miR-892b,0.0
354,42496 : hsa-miR-181c-5p,0.0
355,42502 : hsa-miR-204-3p,0.0
356,42504 : hsa-miR-593-3p,0.0
357,42507 : hsa-miR-202-5p,0.0
358,42508 : hsa-miR-106a-3p,0.0
359,42509 : hsa-miR-219-5p,0.0
360,42514 : hsa-miR-937,0.0
361,42523 : hsa-miR-26b-3p,0.0
362,42524 : hsa-miR-21-3p,0.0
363,42525 : hsa-miR-671-3p,0.0
364,42528 : hsa-miR-296-3p,0.0
365,42530 : hsa-let-7a-2-3p,0.0
366,42532 : hsa-miR-22-5p,0.0
367,42535 : hsa-miR-661,0.0
368,42538 : hsa-miR-196a-3p,0.0
369,42541 : hsa-miR-302a-5p,0.0
370,42542 : hsa-miR-589-5p,0.0
371,42543 : hsa-miR-608,0.0
372,42549 : hsa-miR-19a-5p,0.0
373,42551 : hsa-miR-122-3p,0.0
374,42553 : hsa-miR-216a,0.0
375,42556 : hsa-miR-889,0.0
376,42557 : hsa-miR-624-5p,0.0
377,42562 : hsa-miR-105-3p,0.0
378,42567 : hsa-miR-590-3p,0.0
379,42570 : hsa-miR-194-3p,0.0
380,42571 : hsa-miR-129-1-3p,0.0
381,42572 : hsa-miR-154-3p,0.0
382,42581 : hsa-miR-513a-5p,0.0
383,42584 : hsa-miR-432-3p,0.0
384,42591 : hsa-miR-634,0.0
385,42592 : hsa-miR-338-3p,0.0
386,42598 : hsa-miR-452-3p,0.0
387,42599 : hsa-miR-153,0.0
388,42603 : hsa-miR-424-3p,0.0
389,42607 : hsa-miR-653,0.0
390,42609 : hsa-miR-135a-3p,0.0
391,42615 : hsa-miR-135b-3p,0.0
392,42617 : hsa-miR-541-5p,0.0
393,42620 : hsa-miR-188-5p,0.0
394,42622 : hsa-miR-579,0.0
395,42627 : hsa-miR-212-3p,0.0
396,42629 : hsa-miR-376c,0.0
397,42630 : hsa-miR-140-3p,0.0
398,42633 : hsa-miR-885-3p,0.0
399,42635 : hsa-miR-541-3p,0.0
400,42638 : hsa-miR-23a-5p,0.0
401,42654 : hsa-miR-483-5p,0.0
402,42660 : hsa-miR-144-5p,0.0
403,42661 : hsa-miR-492,0.0
404,42663 : hsa-miR-20a-3p,0.0
405,42666 : hsa-miR-26a-2-3p,0.0
406,42669 : hsa-miR-505-3p,0.0
407,42672 : hsa-miR-323b-5p,0.0
408,42673 : hsa-miR-337-3p,0.0
409,42674 : hsa-miR-431-3p,0.0
410,42676 : hsa-miR-495,0.0
411,42681 : hsa-miR-1307-3p,0.0
412,42682 : hsa-miR-25-3p,0.0
413,42683 : hsa-miR-922,0.0
414,42686 : hsa-miR-136-3p,0.0
415,42694 : hsa-miR-485-3p,0.0
416,42696 : hsa-miR-943,0.0
417,42700 : hsa-miR-631,0.0
418,42702 : hsa-miR-30c-1-3p,0.0
419,42705 : hsa-miR-191-3p,0.0
420,42708 : hsa-miR-99a-5p,0.0
421,42710 : hsa-miR-1296,0.0
422,42717 : hsa-miR-92b-5p,0.0
423,42718 : hsa-miR-130a-5p,0.0
424,42721 : hsa-miRPlus-C1099,0.0
425,42723 : hsa-miR-195-3p,0.0
426,42729 : hsa-miR-34c-3p,0.0
427,42730 : hsa-miR-423-3p,0.0
428,42732 : hsa-miR-532-3p,0.0
429,42736 : hsa-miR-148b-5p,0.0
430,42738 : hsa-miR-340-3p,0.0
431,42743 : hsa-let-7e-3p,0.0
432,42744 : hsa-miR-23a-3p,0.0
433,42746 : hsa-miR-647,0.0
434,42747 : hsa-miR-93-3p,0.0
435,42749 : hsa-miR-659-3p,0.0
436,42750 : hsa-miR-636,0.0
437,42754 : hsa-miR-586,0.0
438,42756 : hsa-miR-548d-5p,0.0
439,42757 : hsa-miR-619,0.0
440,42761 : hsa-miR-675-5p,0.0
441,42764 : hsa-miR-412,0.0
442,42766 : hsa-miR-554,0.0
443,42769 : hsa-let-7b-3p,0.0
444,42777 : hsa-miR-548am-5p,0.0
445,42778 : hsa-let-7g-3p,0.0
446,42780 : hsa-miR-1307-5p,0.0
447,42786 : hsa-miR-188-3p,0.0
448,42788 : hsa-miR-924,0.0
449,42791 : hsa-miR-548b-5p,0.0
450,42792 : hsa-miR-29b-2-5p,0.0
451,42793 : hsa-miRPlus-A1072,0.0
452,42800 : hsa-miR-582-5p,0.0
453,42801 : hsa-miR-92a-2-5p,0.0
454,42808 : hsa-miR-874,0.0
455,42810 : hsa-miR-149-5p,0.0
456,42811 : hsa-miR-542-5p,0.0
457,42812 : hsa-miR-508-5p,0.0
458,42818 : hsa-miR-597,0.0
459,42823 : hsa-miR-27b-5p,0.0
460,42827 : hsa-miR-652-3p,0.0
461,42828 : hsa-miR-769-3p,0.0
462,42829 : hsa-miR-127-3p,0.0
463,42832 : hsa-miR-638,0.0
464,42834 : hsa-miR-219-2-3p,0.0
465,42837 : hsa-miR-577,0.0
466,42838 : hsa-miRPlus-C1076,0.0
467,42839 : hsa-miR-135a-5p,0.0
468,42843 : hsa-miR-654-5p,0.0
469,42845 : hsa-miR-125b-2-3p,0.0
470,42847 : hsa-miR-497-5p,0.0
471,42848 : hsa-miR-1180,0.0
472,42850 : hsa-miR-150-3p,0.0
473,42852 : hsa-miR-760,0.0
474,42859 : hsa-miR-675-3p,0.0
475,42865 : hsa-miR-181a-5p,0.0
476,42866 : hsa-miR-451a,0.0
477,42869 : hsa-miR-936,0.0
478,42870 : hsa-miR-616-3p,0.0
479,42873 : hsa-miR-944,0.0
480,42874 : hsa-miR-16-2-3p,0.0
481,42885 : hsa-miR-376a-5p,0.0
482,42887 : hsa-miR-331-3p,0.0
483,42889 : hsa-miR-379-3p,0.0
484,42892 : hsa-miR-450b-3p,0.0
485,42896 : hsa-miR-450b-5p,0.0
486,42898 : hsa-miR-124-5p,0.0
487,42899 : hsa-miR-377-5p,0.0
488,42912 : hsa-miR-339-3p,0.0
489,42918 : hsa-miR-19b-2-5p,0.0
490,42923 : hsa-miR-30c-5p,0.0
491,42925 : hsa-miR-409-5p,0.0
492,42926 : hsa-miR-92a-1-5p,0.0
493,42929 : hsa-miR-25-5p,0.0
494,42932 : hsa-miR-920,0.0
495,42940 : hsa-miR-876-5p,0.0
496,42941 : hsa-miR-218-1-3p,0.0
497,42942 : hsa-miR-134,0.0
498,42949 : hsa-miR-155-3p,0.0
499,42950 : hsa-miR-24-2-5p,0.0
500,42956 : hsa-miR-545-5p,0.0
501,42957 : hsa-miR-323a-3p,0.0
502,42959 : hsa-miR-514a-3p,0.0
503,42964 : hsa-miR-7-2-3p,0.0
504,42965 : hsa-miR-424-5p,0.0
505,42969 : hsa-miR-10b-3p,0.0
506,42971 : hsa-miR-96-3p,0.0
507,45736 : hsa-miR-548f,0.0
508,45745 : hsa-miR-302f,0.0
509,45764 : hsa-miR-302e,0.0
510,45775 : hsa-miR-1279,0.0
511,46210 : hsa-miR-1249,0.0
512,46214 : hsa-miR-1250,0.0
513,46215 : hsa-miR-1301,0.0
514,46221 : hsa-miR-519d,0.0
515,46222 : hsa-miR-1228-5p,0.0
516,46223 : hsa-miR-1306-3p,0.0
517,46231 : hsa-miR-519b-3p,0.0
518,46235 : hsa-miR-524-5p,0.0
519,46246 : hsa-miR-1226-5p,0.0
520,46249 : hsa-miR-449b-5p,0.0
521,46258 : hsa-miR-1184,0.0
522,46259 : hsa-miR-885-5p,0.0
523,46264 : hsa-miR-298,0.0
524,46266 : hsa-miR-1825,0.0
525,46272 : hsa-miR-1200,0.0
526,46274 : hsa-miR-3187-3p,0.0
527,46275 : hsa-miR-1251,0.0
528,46281 : hsa-miR-1291,0.0
529,46301 : hsa-miR-621,0.0
530,46309 : hsa-miR-1226-3p,0.0
531,46320 : hsa-miR-31-3p,0.0
532,46321 : hsa-miR-1245a,0.0
533,46324 : hsa-miR-320b,0.0
534,46326 : hsa-miR-1233,0.0
535,46335 : hsa-miR-548m,0.0
536,46336 : hsa-miR-1284,0.0
537,46340 : hsa-miR-1289,0.0
538,46345 : hsa-miR-1207-3p,0.0
539,46355 : hsa-miR-548p,0.0
540,46356 : hsa-miR-30b-3p,0.0
541,46361 : hsa-miR-1278,0.0
542,46363 : hsa-miR-1272,0.0
543,46367 : hsa-miR-1283,0.0
544,46368 : hsa-miR-1282,0.0
545,46380 : hsa-miR-1255a,0.0
546,46381 : hsa-miR-1298,0.0
547,46398 : hsa-miR-513c-5p,0.0
548,46401 : hsa-miR-519a-3p,0.0
549,46402 : hsa-miR-1255b-5p,0.0
550,46404 : hsa-miR-1244,0.0
551,46406 : hsa-miR-500a-3p,0.0
552,46408 : hsa-miR-1322,0.0
553,46411 : hsa-miR-1203,0.0
554,46414 : hsa-miR-548h-5p,0.0
555,46415 : hsa-miR-548l,0.0
556,46416 : hsa-miR-1293,0.0
557,46419 : hsa-miR-1185-5p,0.0
558,46427 : hsa-miR-1248,0.0
559,46438 : hsa-let-7g-5p,0.0
560,46439 : hsa-miR-1243,0.0
561,46440 : hsa-miR-1287,0.0
562,46443 : hsa-miR-193a-5p,0.0
563,46450 : hsa-miR-548o-3p,0.0
564,46454 : hsa-miR-520g,0.0
565,46462 : hsa-miR-1224-5p,0.0
566,46467 : hsa-miR-143-5p,0.0
567,46474 : hsa-miR-766-5p,0.0
568,46479 : hsa-miR-1304-5p,0.0
569,46483 : hsa-miR-27a-3p,0.0
570,46495 : hsa-miR-525-3p,0.0
571,46500 : hsa-miR-520g,0.0
572,46501 : hsa-miR-1305,0.0
573,46507 : hsa-miR-921,0.0
574,46515 : hsa-miR-1537,0.0
575,46517 : hsa-miR-1266,0.0
576,46531 : hsa-miR-1231,0.0
577,46541 : hsa-miR-1225-5p,0.0
578,46556 : hsa-miR-623,0.0
579,46558 : hsa-miR-1268a,0.0
580,46565 : hsa-miR-1207-5p,0.0
581,46567 : hsa-miR-3176,0.0
582,46584 : hsa-miR-1468,0.0
583,46592 : hsa-miR-548j,0.0
584,46606 : hsa-miR-1288,0.0
585,46614 : hsa-miR-1323,0.0
586,46617 : hsa-miR-1197,0.0
587,46622 : hsa-miR-518f-5p,0.0
588,46623 : hsa-miR-1273a,0.0
589,46624 : hsa-miR-1236,0.0
590,46625 : hsa-miR-1303,0.0
591,46626 : hsa-miR-30c-2-3p,0.0
592,46627 : hsa-miR-1271-5p,0.0
593,46633 : hsa-miR-1267,0.0
594,46634 : hsa-miR-1281,0.0
595,46640 : hsa-miR-1257,0.0
596,46642 : hsa-miR-1276,0.0
597,46661 : hsa-miR-1294,0.0
598,46675 : hsa-miR-1181,0.0
599,46684 : hsa-miR-1225-3p,0.0
600,46689 : hsa-miR-1229,0.0
601,46690 : hsa-miR-1238,0.0
602,46695 : hsa-miR-1228-3p,0.0
603,46696 : hsa-miR-1234,0.0
604,46703 : hsa-miR-548e,0.0
605,46704 : hsa-miR-548i,0.0
606,46707 : hsa-miR-1253,0.0
607,46710 : hsa-miR-3157-5p,0.0
608,46717 : hsa-miR-1256,0.0
609,46729 : hsa-miR-302d-5p,0.0
610,46731 : hsa-miR-4657,0.0
611,46732 : hsa-miR-1264,0.0
612,46735 : hsa-miR-1179,0.0
613,46737 : hsa-miR-1265,0.0
614,46738 : hsa-miR-1182,0.0
615,46741 : hsa-miR-1295a,0.0
616,46744 : hsa-miR-526b-5p,0.0
617,46746 : hsa-miR-1269a,0.0
618,46747 : hsa-miR-1263,0.0
619,46750 : hsa-miR-1254,0.0
620,46751 : hsa-miR-2278,0.0
621,46752 : hsa-miR-1270,0.0
622,46762 : hsa-miR-3928,0.0
623,46766 : hsa-miR-1208,0.0
624,46779 : hsa-miR-1206,0.0
625,46789 : hsa-miR-513b,0.0
626,46791 : hsa-miR-1204,0.0
627,46796 : hsa-miR-1302,0.0
628,46800 : hsa-miR-1224-3p,0.0
629,46801 : hsa-miR-106a-5p,0.0
630,46803 : hsa-miR-503,0.0
631,46806 : hsa-miR-1227,0.0
632,46808 : hsa-miR-4485,0.0
633,46810 : hsa-miR-1827,0.0
634,46822 : hsa-miR-1178,0.0
635,46829 : hsa-miR-664-5p,0.0
636,46832 : hsa-miR-1202,0.0
637,46850 : hsa-miR-1237,0.0
638,46860 : hsa-miR-1205,0.0
639,46866 : hsa-miR-1321,0.0
640,46869 : hsa-miR-1258,0.0
641,46872 : hsa-miR-1262,0.0
642,46875 : hsa-miR-2276,0.0
643,46880 : hsa-miR-1183,0.0
644,46917 : hsa-miR-205-5p,0.0
645,46918 : hsa-miR-375,0.0
646,46924 : hsa-miR-1252,0.0
647,46925 : hsa-miR-1277-3p,0.0
648,46929 : hsa-miR-548n,0.0
649,46940 : hsa-miR-548g-3p,0.0
650,46944 : hsa-miR-1297,0.0
651,56873 : hsa-miR-3124-5p,0.0
652,105441 : hsa-miR-518c-3p,0.0
653,145633 : hsa-let-7d-3p,0.0
654,145634 : hsa-miR-132-5p,0.0
655,145637 : hsa-miR-187-3p,0.0
656,145638 : hsa-miR-29a-5p,0.0
657,145640 : hsa-miR-328,0.0
658,145641 : hsa-miR-369-5p,0.0
659,145643 : hsa-miR-382-5p,0.0
660,145647 : hsa-miR-584-5p,0.0
661,145648 : hsa-miR-598,0.0
662,145651 : hsa-miR-99a-3p,0.0
663,145670 : hsa-miR-18b-5p,0.0
664,145675 : hsa-miR-501-5p,0.0
665,145676 : hsa-miR-30e-3p,0.0
666,145678 : hsa-miR-150-5p,0.0
667,145686 : hsa-miR-548c-3p,0.0
668,145687 : hsa-miR-384,0.0
669,145689 : hsa-miR-543,0.0
670,145690 : hsa-miR-512-5p,0.0
671,145692 : hsa-miR-499a-3p,0.0
672,145693 : hsa-miR-92a-3p,0.0
673,145694 : hsa-miR-100-3p,0.0
674,145696 : hsa-miR-655,0.0
675,145697 : hsa-miR-367-5p,0.0
676,145698 : hsa-miR-496,0.0
677,145701 : hsa-miR-668,0.0
678,145705 : hsa-miR-431-5p,0.0
679,145707 : hsa-miR-216b,0.0
680,145708 : hsa-miR-324-3p,0.0
681,145714 : hsa-miR-28-3p,0.0
682,145715 : hsa-miR-648,0.0
683,145716 : hsa-miR-671-5p,0.0
684,145717 : hsa-miR-516a-3p,0.0
685,145721 : hsa-miR-875-5p,0.0
686,145722 : hsa-miR-520e,0.0
687,145723 : hsa-miR-519c-3p,0.0
688,145724 : hsa-miR-887,0.0
689,145727 : hsa-miR-501-3p,0.0
690,145732 : hsa-miR-346,0.0
691,145734 : hsa-miR-33b-3p,0.0
692,145736 : hsa-miR-605,0.0
693,145741 : hsa-miR-545-3p,0.0
694,145742 : hsa-miR-935,0.0
695,145744 : hsa-miR-568,0.0
696,145745 : hsa-miR-335-3p,0.0
697,145746 : hsa-let-7i-3p,0.0
698,145748 : hsa-miR-518f-3p,0.0
699,145749 : hsa-miR-137,0.0
700,145750 : hsa-miR-614,0.0
701,145751 : hsa-miR-23b-5p,0.0
702,145753 : hsa-miR-484,0.0
703,145754 : hsa-miR-523-3p,0.0
704,145755 : hsa-miR-146a-3p,0.0
705,145756 : hsa-miR-488-5p,0.0
706,145757 : hsa-miR-33a-3p,0.0
707,145759 : hsa-miR-181c-3p,0.0
708,145762 : hsa-miR-549,0.0
709,145768 : hsa-miR-665,0.0
710,145769 : hsa-miR-371a-5p,0.0
711,145785 : hsa-miR-526b-3p,0.0
712,145789 : hsa-miR-550a-3-5p,0.0
713,145798 : hsa-miR-142-5p,0.0
714,145819 : hsa-miR-520c-3p,0.0
715,145820 : hsa-let-7c,0.0
716,145821 : hsa-miR-518c-5p,0.0
717,145822 : hsa-miR-214-5p,0.0
718,145824 : hsa-miR-509-3-5p,0.0
719,145826 : hsa-miR-18b-3p,0.0
720,145827 : hsa-miR-200a-5p,0.0
721,145831 : hsa-miR-625-5p,0.0
722,145833 : hsa-miR-596,0.0
723,145835 : hsa-miR-509-5p,0.0
724,145836 : hsa-miR-218-2-3p,0.0
725,145838 : hsa-miR-125b-1-3p,0.0
726,145839 : hsa-miR-662,0.0
727,145840 : hsa-let-7f-1-3p,0.0
728,145842 : hsa-miR-658,0.0
729,145843 : hsa-miR-330-5p,0.0
730,145844 : hsa-miR-374a-5p,0.0
731,145845 : hsa-miR-20a-5p,0.0
732,145846 : hsa-let-7e-5p,0.0
733,145847 : hsa-miR-766-3p,0.0
734,145852 : hsa-miR-210,0.0
735,145857 : hsa-miR-154-5p,0.0
736,145859 : hsa-miR-33a-5p,0.0
737,145889 : hsa-miR-196b-5p,0.0
738,145897 : hsa-miR-92b-3p,0.0
739,145905 : hsa-miR-518a-5p,0.0
740,145914 : hsa-miR-135b-5p,0.0
741,145933 : hsa-miR-652-5p,0.0
742,145934 : hsa-miRPlus-B1114,0.0
743,145943 : hsa-miR-100-5p,0.0
744,145946 : hsa-miR-449a,0.0
745,145950 : hsa-miR-33b-5p,0.0
746,145956 : hsa-miRPlus-A1083,0.0
747,145962 : hsa-miR-639,0.0
748,145963 : hsa-miR-646,0.0
749,145965 : hsa-miR-518d-3p,0.0
750,145968 : hsa-let-7d-5p,0.0
751,145970 : hsa-miR-129-2-3p,0.0
752,145972 : hsa-miR-141-5p,0.0
753,145973 : hsa-miR-664-3p,0.0
754,145974 : hsa-miR-200b-5p,0.0
755,145977 : hsa-miR-1247-5p,0.0
756,145980 : hsa-miR-939,0.0
757,145981 : hsa-miR-1285-3p,0.0
758,145986 : hsa-miR-2052,0.0
759,145987 : hsa-miR-2054,0.0
760,145995 : hsa-miR-196b-3p,0.0
761,145999 : hsa-miR-517a-3p,0.0
762,146000 : hsa-miR-1911-5p,0.0
763,146005 : hsa-miR-3129-5p,0.0
764,146006 : hsa-miR-670,0.0
765,146008 : hsa-miR-26b-5p,0.0
766,146010 : hsa-miR-2116-5p,0.0
767,146020 : hsa-miR-449c-3p,0.0
768,146024 : hsa-miR-383,0.0
769,146025 : hsa-miR-2277-3p,0.0
770,146029 : hsa-miR-365a-5p,0.0
771,146033 : hsa-miR-103b,0.0
772,146044 : hsa-miR-2115-5p,0.0
773,146049 : hsa-miR-28-5p,0.0
774,146052 : hsa-miR-1471,0.0
775,146061 : hsa-miR-1914-3p,0.0
776,146064 : hsa-miR-718,0.0
777,146066 : hsa-miR-3116,0.0
778,146068 : hsa-miR-1915-3p,0.0
779,146069 : hsa-miR-1915-5p,0.0
780,146072 : hsa-miR-1469,0.0
781,146074 : hsa-miR-2114-5p,0.0
782,146085 : hsa-miR-3170,0.0
783,146086 : hsa-miR-30a-5p,0.0
784,146091 : hsa-miR-1914-5p,0.0
785,146094 : hsa-miR-1911-3p,0.0
786,146096 : hsa-miR-764,0.0
787,146103 : hsa-miR-1913,0.0
788,146105 : hsa-miR-1539,0.0
789,146107 : hsa-miR-762,0.0
790,146109 : hsa-miR-1910,0.0
791,146110 : hsa-miR-3164,0.0
792,146111 : hsa-miR-767-5p,0.0
793,146112 : hsa-miR-30b-5p,0.0
794,146113 : hsa-miRPlus-G1246-3p,0.0
795,146114 : hsa-miR-1538,0.0
796,146115 : hsa-miR-940,0.0
797,146116 : hsa-miR-2116-3p,0.0
798,146121 : hsa-miR-1470,0.0
799,146122 : hsa-miR-2053,0.0
800,146127 : hsa-miR-449b-3p,0.0
801,146131 : hsa-miR-2117,0.0
802,146136 : hsa-miR-518d-5p,0.0
803,146137 : hsa-miR-133a,0.0
804,146138 : hsa-miR-1909-5p,0.0
805,146140 : hsa-miR-1976,0.0
806,146142 : hsa-miR-1972,0.0
807,146151 : hsa-miR-449c-5p,0.0
808,146152 : hsa-miR-3179,0.0
809,146158 : hsa-miR-3202,0.0
810,146160 : hsa-miR-133b,0.0
811,146161 : hsa-miR-2115-3p,0.0
812,146163 : hsa-miR-224-3p,0.0
813,146165 : hsa-miR-1973,0.0
814,146166 : hsa-miRPlus-G1065-5p,0.0
815,146168 : hsa-miR-1912,0.0
816,146173 : hsa-miR-2114-3p,0.0
817,146178 : hsa-miR-502-3p,0.0
818,146179 : hsa-miR-2113,0.0
819,146180 : hsa-miR-1909-3p,0.0
820,146190 : hsa-miR-3927,0.0
821,146196 : hsa-miR-711,0.0
822,147162 : hsa-let-7a-5p,0.0
823,147165 : hsa-let-7b-5p,0.0
824,147187 : hsa-miR-215,0.0
825,147193 : hsa-miR-572,0.0
826,147195 : hsa-miR-18a-5p,0.0
827,147198 : hsa-miR-26a-5p,0.0
828,147199 : hsa-miR-27b-3p,0.0
829,147203 : hsa-miR-302a-3p,0.0
830,147262 : hsa-miR-548h-3p,0.0
831,147268 : hsa-miR-3940-3p,0.0
832,147276 : hsa-miR-3616-3p,0.0
833,147280 : hsa-miR-1185-1-3p,0.0
834,147311 : hsa-miR-3688-3p,0.0
835,147318 : hsa-miR-3660,0.0
836,147334 : hsa-miR-3613-5p,0.0
837,147360 : hsa-miRPlus-J1004,0.0
838,147376 : hsa-miR-3679-5p,0.0
839,147386 : hsa-miR-212-5p,0.0
840,147389 : hsa-miR-3691-5p,0.0
841,147415 : hsa-miRPlus-J1011,0.0
842,147469 : hsa-miR-3909,0.0
843,147493 : hsa-miR-3944-3p,0.0
844,147506 : hsa-miR-21-5p,0.0
845,147514 : hsa-miR-494,0.0
846,147516 : hsa-miR-4319,0.0
847,147523 : hsa-miR-4263,0.0
848,147530 : hsa-miR-378b,0.0
849,147535 : hsa-miR-4309,0.0
850,147537 : hsa-miR-4264,0.0
851,147540 : hsa-miR-4310,0.0
852,147543 : hsa-miR-3167,0.0
853,147544 : hsa-miR-4314,0.0
854,147545 : hsa-miR-3128,0.0
855,147554 : hsa-miR-4273,0.0
856,147556 : hsa-miR-4254,0.0
857,147562 : hsa-miR-4253,0.0
858,147564 : hsa-miR-4266,0.0
859,147569 : hsa-miR-4256,0.0
860,147570 : hsa-miR-4271,0.0
861,147572 : hsa-miR-3120-3p,0.0
862,147588 : hsa-miR-4288,0.0
863,147589 : hsa-miR-1193,0.0
864,147591 : hsa-miR-4283,0.0
865,147595 : hsa-miR-3178,0.0
866,147596 : hsa-miR-3168,0.0
867,147600 : hsa-miR-4292,0.0
868,147602 : hsa-miR-2682-5p,0.0
869,147603 : hsa-miR-4300,0.0
870,147604 : hsa-miR-4285,0.0
871,147606 : hsa-miR-4259,0.0
872,147608 : hsa-miR-4307,0.0
873,147610 : hsa-miR-3186-5p,0.0
874,147611 : hsa-miR-4305,0.0
875,147613 : hsa-miR-3145-3p,0.0
876,147614 : hsa-miR-4299,0.0
877,147616 : hsa-miR-4291,0.0
878,147618 : hsa-miR-4261,0.0
879,147621 : hsa-miR-4278,0.0
880,147627 : hsa-miR-4294,0.0
881,147631 : hsa-miR-4258,0.0
882,147632 : hsa-miR-4297,0.0
883,147633 : hsa-miR-3163,0.0
884,147649 : hsa-miR-500a-5p,0.0
885,147651 : hsa-miR-3123,0.0
886,147652 : hsa-miR-4293,0.0
887,147654 : hsa-miR-3138,0.0
888,147660 : hsa-miR-4296,0.0
889,147664 : hsa-miR-4311,0.0
890,147666 : hsa-miR-4277,0.0
891,147667 : hsa-miR-3182,0.0
892,147669 : hsa-miR-548w,0.0
893,147670 : hsa-miR-3177-3p,0.0
894,147671 : hsa-miR-4323,0.0
895,147673 : hsa-miR-4262,0.0
896,147679 : hsa-miR-3197,0.0
897,147683 : hsa-miR-3188,0.0
898,147684 : hsa-miR-3200-5p,0.0
899,147688 : hsa-miR-548v,0.0
900,147694 : hsa-miR-4281,0.0
901,147701 : hsa-miR-491-3p,0.0
902,147703 : hsa-miR-3181,0.0
903,147705 : hsa-miR-4320,0.0
904,147706 : hsa-miR-4255,0.0
905,147707 : hsa-miR-3154,0.0
906,147715 : hsa-miR-4251,0.0
907,147722 : hsa-miR-4306,0.0
908,147731 : hsa-miR-3189-3p,0.0
909,147735 : hsa-miR-4289,0.0
910,147739 : hsa-miR-3161,0.0
911,147742 : hsa-miR-4265,0.0
912,147743 : hsa-miR-4275,0.0
913,147751 : hsa-miR-4274,0.0
914,147752 : hsa-miR-4302,0.0
915,147755 : hsa-miR-378c,0.0
916,147760 : hsa-miR-4316,0.0
917,147763 : hsa-miR-4272,0.0
918,147767 : hsa-miR-4279,0.0
919,147770 : hsa-miR-4276,0.0
920,147771 : hsa-miR-4328,0.0
921,147772 : hsa-miR-4303,0.0
922,147776 : hsa-miR-4317,0.0
923,147779 : hsa-miR-3180-3p,0.0
924,147780 : hsa-miR-4267,0.0
925,147786 : hsa-miR-3198,0.0
926,147792 : hsa-miR-3165,0.0
927,147793 : hsa-miR-4252,0.0
928,147795 : hsa-miR-3186-3p,0.0
929,147796 : hsa-miR-4327,0.0
930,147797 : hsa-miR-4260,0.0
931,147798 : hsa-miR-3141,0.0
932,147799 : hsa-miR-3156-5p,0.0
933,147805 : hsa-miR-3183,0.0
934,147806 : hsa-miR-3149,0.0
935,147809 : hsa-miR-514b-3p,0.0
936,147814 : hsa-miR-3159,0.0
937,147817 : hsa-miR-3196,0.0
938,147818 : hsa-miR-4270,0.0
939,147819 : hsa-miR-3117-3p,0.0
940,147820 : hsa-miR-3133,0.0
941,147821 : hsa-miR-3169,0.0
942,147823 : hsa-miR-3146,0.0
943,147826 : hsa-miR-3153,0.0
944,147827 : hsa-miR-3130-3p,0.0
945,147828 : hsa-miR-3121-3p,0.0
946,147832 : hsa-miR-4326,0.0
947,147835 : hsa-miR-3143,0.0
948,147837 : hsa-miR-3119,0.0
949,147838 : hsa-miR-3194-5p,0.0
950,147843 : hsa-miR-3144-5p,0.0
951,147845 : hsa-miR-3173-3p,0.0
952,147846 : hsa-miR-4313,0.0
953,147848 : hsa-miR-466,0.0
954,147851 : hsa-miR-3201,0.0
955,147852 : hsa-miR-4295,0.0
956,147854 : hsa-miR-548u,0.0
957,147856 : hsa-miR-3200-3p,0.0
958,147857 : hsa-miR-3130-5p,0.0
959,147862 : hsa-miR-3158-3p,0.0
960,147863 : hsa-miR-3155a,0.0
961,147865 : hsa-miR-4330,0.0
962,147866 : hsa-miR-3134,0.0
963,147867 : hsa-miR-3118,0.0
964,147868 : hsa-miR-4269,0.0
965,147870 : hsa-miR-548s,0.0
966,147871 : hsa-miR-3180-5p,0.0
967,147874 : hsa-miR-544b,0.0
968,147879 : hsa-miR-3132,0.0
969,147880 : hsa-miR-323b-3p,0.0
970,147881 : hsa-miR-3115,0.0
971,147882 : hsa-miR-2909,0.0
972,147883 : hsa-miR-3191-3p,0.0
973,147886 : hsa-miR-3122,0.0
974,147887 : hsa-miR-3147,0.0
975,147891 : hsa-miR-3175,0.0
976,147892 : hsa-miR-3152-3p,0.0
977,147894 : hsa-miR-3137,0.0
978,147897 : hsa-miR-3136-5p,0.0
979,147898 : hsa-miR-2861,0.0
980,147902 : hsa-miR-3193,0.0
981,147903 : hsa-miR-3065-3p,0.0
982,6880 : hsa-miR-297,0.0
983,147905 : hsa-miR-3139,0.0
984,147906 : hsa-miR-4322,0.0
985,147907 : hsa-miR-4312,0.0
986,147909 : hsa-miR-1273d,0.0
987,147911 : hsa-miR-4280,0.0
988,147914 : hsa-miR-514b-5p,0.0
989,147915 : hsa-miR-3174,0.0
990,147916 : hsa-miR-3126-3p,0.0
991,147917 : hsa-miR-3151,0.0
992,147921 : hsa-miR-3131,0.0
993,147923 : hsa-miR-3142,0.0
994,147925 : hsa-miR-3126-5p,0.0
995,147926 : hsa-miR-4329,0.0
996,147929 : hsa-miR-1273c,0.0
997,147930 : hsa-miR-3144-3p,0.0
998,147931 : hsa-miR-3166,0.0
999,147933 : hsa-miR-4282,0.0
1000,147935 : hsa-miR-3125,0.0
1001,147938 : hsa-miR-4287,0.0
1002,147939 : hsa-miR-3192,0.0
1003,147941 : hsa-miR-3160-3p,0.0
1004,147942 : hsa-miR-4268,0.0
1005,147943 : hsa-miR-3074-3p,0.0
1006,147947 : hsa-miR-4308,0.0
1007,147952 : hsa-miR-3171,0.0
1008,147953 : hsa-miR-491-5p,0.0
1009,147954 : hsa-miR-4318,0.0
1010,147957 : hsa-miRPlus-J1002,0.0
1011,147964 : hsa-miRPlus-J1005,0.0
1012,147967 : hsa-miR-3180,0.0
1013,147975 : hsa-miRPlus-J1003,0.0
1014,147977 : hsa-miR-3190-3p,0.0
1015,147978 : hsa-miR-3140-3p,0.0
1016,147979 : hsa-miR-3150a-3p,0.0
1017,147981 : hsa-miR-4325,0.0
1018,147986 : hsa-miRPlus-K1303*,0.0
1019,147988 : hsa-miR-3135a,0.0
1020,147996 : hsa-miR-3127-5p,0.0
1021,169381 : hsa-miR-4421,0.0
1022,148000 : hsa-miR-3195,0.0
1023,148006 : hsa-miR-4315,0.0
1024,148012 : hsa-miR-3545-3p,0.0
1025,148018 : hsa-miR-3671,0.0
1026,148024 : hsa-miR-3923,0.0
1027,148032 : hsa-miR-3685,0.0
1028,148033 : hsa-miR-3065-5p,0.0
1029,148038 : hsa-miR-3679-3p,0.0
1030,148039 : hsa-miR-3925-5p,0.0
1031,10952 : hsa-miR-146a-5p,0.0
1032,148042 : hsa-miR-3662,0.0
1033,148049 : hsa-miR-3924,0.0
1034,148052 : hsa-miR-374c-3p,0.0
1035,148057 : hsa-miR-186-3p,0.0
1036,148058 : hsa-miR-3672,0.0
1037,148059 : hsa-miR-493-5p,0.0
1038,148062 : hsa-miR-3667-3p,0.0
1039,148063 : hsa-miR-3713,0.0
1040,148064 : hsa-miR-3926,0.0
1041,148065 : hsa-miR-3689b-3p,0.0
1042,148072 : hsa-miR-3668,0.0
1043,148077 : hsa-miR-3690,0.0
1044,148079 : hsa-miR-3673,0.0
1045,148080 : hsa-miR-3921,0.0
1046,148082 : hsa-miR-3663-3p,0.0
1047,148085 : hsa-miR-3687,0.0
1048,148086 : hsa-miR-548aa,0.0
1049,148089 : hsa-miR-208a,0.0
1050,148098 : hsa-miR-374b-5p,0.0
1051,148102 : hsa-miR-3619-5p,0.0
1052,148106 : hsa-miR-3678-3p,0.0
1053,148118 : hsa-miR-676-5p,0.0
1054,148132 : hsa-miR-3622a-3p,0.0
1055,148147 : hsa-miR-181b-3p,0.0
1056,148154 : hsa-miR-3922-3p,0.0
1057,148156 : hsa-miR-3686,0.0
1058,148162 : hsa-miR-3661,0.0
1059,148165 : hsa-miR-3605-5p,0.0
1060,148167 : hsa-miR-3670,0.0
1061,148168 : hsa-miR-3658,0.0
1062,148181 : hsa-miR-3545-5p,0.0
1063,148188 : hsa-miR-2277-5p,0.0
1064,148189 : hsa-miR-3681-3p,0.0
1065,148192 : hsa-miR-421,0.0
1066,148196 : hsa-miR-548y,0.0
1067,148206 : hsa-miR-3664-5p,0.0
1068,148208 : hsa-miR-3610,0.0
1069,148214 : hsa-miR-3675-3p,0.0
1070,148215 : hsa-miR-3591-3p,0.0
1071,148216 : hsa-miR-3907,0.0
1072,148217 : hsa-miR-23c,0.0
1073,148221 : hsa-miR-3650,0.0
1074,169399 : hsa-miR-4750,0.0
1075,148231 : hsa-miR-3918,0.0
1076,148234 : hsa-miR-3667-5p,0.0
1077,148239 : hsa-miR-3916,0.0
1078,148241 : hsa-miR-3649,0.0
1079,148243 : hsa-miR-3689a-3p,0.0
1080,148247 : hsa-miR-2355-3p,0.0
1081,148250 : hsa-let-7f-2-3p,0.0
1082,148251 : hsa-miR-3689a-5p,0.0
1083,148256 : hsa-miR-3683,0.0
1084,148262 : hsa-miR-3680-3p,0.0
1085,148263 : hsa-miR-1273e,0.0
1086,148264 : hsa-miR-3665,0.0
1087,148265 : hsa-miR-3935,0.0
1088,148272 : hsa-miR-3615,0.0
1089,148273 : hsa-miR-3150b-3p,0.0
1090,148278 : hsa-miR-138-2-3p,0.0
1091,148282 : hsa-miR-3714,0.0
1092,148284 : hsa-miR-208b,0.0
1093,169398 : hsa-miR-5096,0.0
1094,148288 : hsa-miR-550b-3p,0.0
1095,148289 : hsa-miR-3675-5p,0.0
1096,148290 : hsa-miR-3616-5p,0.0
1097,148306 : hsa-miR-381,0.0
1098,148307 : hsa-miR-3612,0.0
1099,148317 : hsa-miR-3621,0.0
1100,148327 : hsa-miR-3651,0.0
1101,148331 : hsa-miR-3655,0.0
1102,148332 : hsa-miR-3692-5p,0.0
1103,148335 : hsa-miR-3606,0.0
1104,148338 : hsa-miR-3064-3p,0.0
1105,148346 : hsa-miR-3929,0.0
1106,148349 : hsa-miR-3938,0.0
1107,148351 : hsa-miR-3945,0.0
1108,148353 : hsa-miR-3681-5p,0.0
1109,148358 : hsa-miR-3657,0.0
1110,148361 : hsa-miR-3911,0.0
1111,148363 : hsa-miR-3652,0.0
1112,148371 : hsa-miR-3620,0.0
1113,148374 : hsa-miR-3936,0.0
1114,148377 : hsa-miR-3653,0.0
1115,148379 : hsa-miR-3654,0.0
1116,148380 : hsa-miR-3913-5p,0.0
1117,148382 : hsa-miR-3609,0.0
1118,148383 : hsa-miR-103a-2-5p,0.0
1119,148384 : hsa-miR-3648,0.0
1120,148386 : hsa-miR-2964a-5p,0.0
1121,148387 : hsa-miR-3942-5p,0.0
1122,148388 : hsa-miR-3677-3p,0.0
1123,148393 : hsa-miR-676-3p,0.0
1124,148398 : hsa-miR-3908,0.0
1125,169404 : hsa-miR-3663-5p,0.0
1126,148405 : hsa-miR-3669,0.0
1127,148406 : hsa-miR-3684,0.0
1128,169406 : hsa-miR-376b,0.0
1129,148413 : hsa-miR-3614-3p,0.0
1130,148418 : hsa-miR-3607-5p,0.0
1131,148420 : hsa-miR-3607-3p,0.0
1132,148430 : hsa-miR-374c-5p,0.0
1133,148434 : hsa-miR-3692-3p,0.0
1134,148445 : hsa-miR-3622b-5p,0.0
1135,148449 : hsa-miR-3659,0.0
1136,148452 : hsa-miR-3678-5p,0.0
1137,148453 : hsa-miR-3074-5p,0.0
1138,148454 : hsa-miR-3682-3p,0.0
1139,148465 : hsa-miR-3611,0.0
1140,148466 : hsa-miR-3937,0.0
1141,148467 : hsa-miR-3939,0.0
1142,148474 : hsa-miR-3622a-5p,0.0
1143,148481 : hsa-miR-3646,0.0
1144,148489 : hsa-miR-3674,0.0
1145,169407 : hsa-miR-4301,0.0
1146,148495 : hsa-miR-3915,0.0
1147,148499 : hsa-miR-3910,0.0
1148,148524 : hsa-miR-3914,0.0
1149,148547 : hsa-miR-3622b-3p,0.0
1150,148554 : hsa-miR-3917,0.0
1151,148559 : hsa-miR-411-3p,0.0
1152,148566 : hsa-miR-3666,0.0
1153,148577 : hsa-miR-3943,0.0
1154,148585 : hsa-miR-3912,0.0
1155,148590 : hsa-miR-3919,0.0
1156,148593 : hsa-miR-3605-3p,0.0
1157,148595 : hsa-miR-34a-3p,0.0
1158,148599 : hsa-miR-3680-5p,0.0
1159,148601 : hsa-miR-3617,0.0
1160,148610 : hsa-miR-26a-1-3p,0.0
1161,148620 : hsa-miR-454-3p,0.0
1162,148621 : hsa-miR-892a,0.0
1163,148622 : hsa-miR-877-3p,0.0
1164,148624 : hsa-miR-942,0.0
1165,148625 : hsa-miR-941,0.0
1166,148626 : hsa-miR-497-3p,0.0
1167,148627 : hsa-miR-615-5p,0.0
1168,148628 : hsa-miR-3199,0.0
1169,148635 : hsa-miR-933,0.0
1170,148637 : hsa-miR-198,0.0
1171,148639 : hsa-miR-4298,0.0
1172,148640 : hsa-miR-34b-3p,0.0
1173,148641 : hsa-miR-518b,0.0
1174,148643 : hsa-miR-642a-5p,0.0
1175,148644 : hsa-miR-551b-3p,0.0
1176,148645 : hsa-miR-129-5p,0.0
1177,148648 : hsa-miR-1261,0.0
1178,148650 : hsa-miR-516a-5p,0.0
1179,148652 : hsa-miR-620,0.0
1180,148654 : hsa-miR-184,0.0
1181,148661 : hsa-miR-486-3p,0.0
1182,148662 : hsa-miR-583,0.0
1183,148663 : hsa-miR-557,0.0
1184,148665 : hsa-miR-510,0.0
1185,148666 : hsa-miR-938,0.0
1186,148667 : hsa-miR-617,0.0
1187,148668 : hsa-miR-378a-3p,0.0
1188,148669 : hsa-miR-185-3p,0.0
1189,148674 : hsa-miR-4321,0.0
1190,148677 : hsa-miR-637,0.0
1191,148678 : hsa-miR-301a-5p,0.0
1192,148682 : hsa-miR-483-3p,0.0
1193,148683 : hsa-miR-888-3p,0.0
1194,148684 : hsa-miR-628-3p,0.0
1195,148685 : hsa-miR-202-3p,0.0
1196,148687 : hsa-miR-1908,0.0
1197,148688 : hsa-miR-765,0.0
1198,148691 : hsa-miR-602,0.0
1199,168557 : hsa-miR-4777-5p,0.0
1200,168558 : hsa-miR-5585-3p,0.0
1201,168559 : hsa-miR-15a-3p,0.0
1202,168560 : hsa-miR-4676-5p,0.0
1203,168561 : hsa-miR-1245b-5p,0.0
1204,168562 : hsa-miR-4738-3p,0.0
1205,168563 : hsa-miR-4761-5p,0.0
1206,168564 : hsa-miR-548at-5p,0.0
1207,168565 : hsa-miR-4649-5p,0.0
1208,168567 : hsa-miR-3177-5p,0.0
1209,168568 : hsa-miR-1290,0.0
1210,168569 : hsa-miR-5088,0.0
1211,168570 : hsa-miR-2682-3p,0.0
1212,168571 : hsa-miR-550b-2-5p,0.0
1213,168572 : hsa-miR-4507,0.0
1214,168574 : hsa-miR-4428,0.0
1215,168575 : hsa-miR-4763-5p,0.0
1216,168576 : hsa-miR-4693-3p,0.0
1217,168578 : hsa-miR-5190,0.0
1218,168579 : hsa-miR-5706,0.0
1219,168581 : hsa-miR-3942-3p,0.0
1220,168582 : hsa-miR-4731-5p,0.0
1221,168583 : hsa-miR-539-3p,0.0
1222,168584 : hsa-miR-5587-3p,0.0
1223,168586 : hsa-miR-34a-5p,0.0
1224,168587 : hsa-miR-4461,0.0
1225,168588 : hsa-miR-548at-3p,0.0
1226,168589 : hsa-miR-4671-3p,0.0
1227,168590 : hsa-miR-4520a-5p,0.0
1228,168591 : hsa-miR-4789-3p,0.0
1229,168593 : hsa-miR-4726-3p,0.0
1230,168594 : hsa-miR-3150b-5p,0.0
1231,168595 : hsa-miR-1185-2-3p,0.0
1232,168597 : hsa-miR-5699,0.0
1233,168598 : hsa-miR-5007-3p,0.0
1234,168599 : hsa-miR-4453,0.0
1235,168601 : hsa-miR-146b-3p,0.0
1236,169408 : hsa-miR-181d,0.0
1237,168603 : hsa-miR-4664-5p,0.0
1238,168605 : hsa-miR-4653-3p,0.0
1239,169409 : hsa-miR-4286,0.0
1240,168609 : hsa-miR-5197-3p,0.0
1241,168610 : hsa-miR-211-3p,0.0
1242,168611 : hsa-miR-4753-3p,0.0
1243,169410 : hsa-miR-556-5p,0.0
1244,168613 : hsa-miR-548ar-5p,0.0
1245,168614 : hsa-miR-5197-5p,0.0
1246,168615 : hsa-miR-4655-3p,0.0
1247,168616 : hsa-miR-4536-3p,0.0
1248,168618 : hsa-miR-4783-5p,0.0
1249,168619 : hsa-miR-1260b,0.0
1250,168620 : hsa-miR-548au-3p,0.0
1251,169411 : hsa-miR-205-3p,0.0
1252,168622 : hsa-miR-4652-5p,0.0
1253,168623 : hsa-miR-4672,0.0
1254,169412 : hsa-miR-1260a,0.0
1255,168625 : hsa-miR-4539,0.0
1256,168626 : hsa-miR-4662a-5p,0.0
1257,168627 : hsa-miR-4678,0.0
1258,168628 : hsa-miR-5695,0.0
1259,168629 : hsa-miR-5087,0.0
1260,168631 : hsa-miR-4723-5p,0.0
1261,168632 : hsa-miR-5188,0.0
1262,168633 : hsa-miR-3190-5p,0.0
1263,168634 : hsa-miR-548av-5p,0.0
1264,168635 : hsa-miR-378e,0.0
1265,168636 : hsa-miR-122-5p,0.0
1266,168637 : hsa-miR-3940-5p,0.0
1267,168638 : hsa-miR-4530,0.0
1268,168639 : hsa-miR-4533,0.0
1269,168640 : hsa-miR-4475,0.0
1270,168642 : hsa-miR-642b-3p,0.0
1271,168643 : hsa-miR-4703-5p,0.0
1272,169414 : hsa-miR-525-5p,0.0
1273,168645 : hsa-miR-378i,0.0
1274,168646 : hsa-miR-4731-3p,0.0
1275,168648 : hsa-miR-4687-5p,0.0
1276,168649 : hsa-miR-3129-3p,0.0
1277,168650 : hsa-miR-3121-5p,0.0
1278,168652 : hsa-miR-4760-3p,0.0
1279,168653 : hsa-miR-3158-5p,0.0
1280,168655 : hsa-miR-5588-5p,0.0
1281,168656 : hsa-miR-5002-3p,0.0
1282,168657 : hsa-miR-5001-3p,0.0
1283,168658 : hsa-miR-5196-5p,0.0
1284,168659 : hsa-miR-4438,0.0
1285,168660 : hsa-miR-5000-5p,0.0
1286,168661 : hsa-miR-4531,0.0
1287,168663 : hsa-miR-4442,0.0
1288,168664 : hsa-miR-5683,0.0
1289,168665 : hsa-miR-3619-3p,0.0
1290,168666 : hsa-miR-4659a-5p,0.0
1291,168667 : hsa-miR-4999-3p,0.0
1292,168668 : hsa-miR-4732-3p,0.0
1293,168669 : hsa-miR-5693,0.0
1294,168670 : hsa-miR-4694-5p,0.0
1295,168671 : hsa-miR-3140-5p,0.0
1296,168672 : hsa-miR-1587,0.0
1297,168673 : hsa-miR-4656,0.0
1298,168674 : hsa-miR-4716-5p,0.0
1299,168675 : hsa-miR-4433-3p,0.0
1300,168676 : hsa-miR-499b-5p,0.0
1301,168679 : hsa-miR-4763-3p,0.0
1302,168680 : hsa-miR-378f,0.0
1303,168681 : hsa-miR-4751,0.0
1304,168682 : hsa-miR-4502,0.0
1305,168683 : hsa-miR-4792,0.0
1306,168684 : hsa-miR-5010-5p,0.0
1307,168685 : hsa-miR-4432,0.0
1308,168686 : hsa-miR-4768-5p,0.0
1309,168687 : hsa-miR-29a-3p,0.0
1310,168689 : hsa-miR-361-3p,0.0
1311,168690 : hsa-miR-4466,0.0
1312,168691 : hsa-miR-3677-5p,0.0
1313,168692 : hsa-miR-3688-5p,0.0
1314,168693 : hsa-miR-651,0.0
1315,168695 : hsa-miR-5589-5p,0.0
1316,168696 : hsa-miR-4739,0.0
1317,168697 : hsa-miR-3189-5p,0.0
1318,168698 : hsa-miR-3127-3p,0.0
1319,168700 : hsa-miR-5696,0.0
1320,168701 : hsa-miR-4728-5p,0.0
1321,168702 : hsa-miR-4540,0.0
1322,168703 : hsa-miR-4716-3p,0.0
1323,168704 : hsa-miR-506-5p,0.0
1324,168705 : hsa-miR-5589-3p,0.0
1325,169415 : hsa-miR-187-5p,0.0
1326,168708 : hsa-miR-296-5p,0.0
1327,168709 : hsa-miR-4429,0.0
1328,168710 : hsa-miR-4536-5p,0.0
1329,168711 : hsa-miR-548ak,0.0
1330,168714 : hsa-miR-4452,0.0
1331,168716 : hsa-miR-4487,0.0
1332,168717 : hsa-miR-5193,0.0
1333,168718 : hsa-miR-4684-3p,0.0
1334,168719 : hsa-miR-4495,0.0
1335,168721 : hsa-miR-4701-5p,0.0
1336,168722 : hsa-miR-4742-3p,0.0
1337,168723 : hsa-miR-4789-5p,0.0
1338,168724 : hsa-miR-4529-3p,0.0
1339,168725 : hsa-miR-4700-5p,0.0
1340,168727 : hsa-miR-4426,0.0
1341,168728 : hsa-miR-4641,0.0
1342,168729 : hsa-miR-4661-5p,0.0
1343,168730 : hsa-miR-4464,0.0
1344,168731 : hsa-miR-548ah-3p,0.0
1345,168732 : hsa-miR-5011-5p,0.0
1346,168733 : hsa-miR-5583-3p,0.0
1347,168734 : hsa-miR-4465,0.0
1348,168735 : hsa-miR-5586-3p,0.0
1349,168736 : hsa-miR-4796-3p,0.0
1350,168737 : hsa-miR-5685,0.0
1351,168739 : hsa-miR-1269b,0.0
1352,168741 : hsa-miR-5681a,0.0
1353,168742 : hsa-miR-4722-3p,0.0
1354,168743 : hsa-miR-548ad,0.0
1355,168744 : hsa-miR-4746-5p,0.0
1356,168745 : hsa-miR-4667-3p,0.0
1357,168746 : hsa-miR-4756-5p,0.0
1358,168747 : hsa-miR-4520b-3p,0.0
1359,168748 : hsa-miR-320e,0.0
1360,168749 : hsa-miR-138-1-3p,0.0
1361,168750 : hsa-miR-4645-5p,0.0
1362,168753 : hsa-miR-4741,0.0
1363,168754 : hsa-miR-5692b,0.0
1364,168755 : hsa-miR-4479,0.0
1365,168756 : hsa-miR-548al,0.0
1366,168757 : hsa-miR-4713-3p,0.0
1367,168758 : hsa-miR-4425,0.0
1368,168759 : hsa-miR-3689f,0.0
1369,168760 : hsa-miR-4749-5p,0.0
1370,168764 : hsa-miR-4435,0.0
1371,168765 : hsa-miR-4448,0.0
1372,168766 : hsa-miR-4772-5p,0.0
1373,168767 : hsa-miR-4681,0.0
1374,168768 : hsa-miR-4423-5p,0.0
1375,168769 : hsa-miR-5002-5p,0.0
1376,168770 : hsa-miR-4699-3p,0.0
1377,168772 : hsa-miR-224-5p,0.0
1378,168773 : hsa-miR-5702,0.0
1379,168775 : hsa-miR-4647,0.0
1380,168776 : hsa-miR-4795-3p,0.0
1381,168779 : hsa-miR-4797-3p,0.0
1382,168781 : hsa-miR-4776-3p,0.0
1383,168782 : hsa-miR-5093,0.0
1384,168783 : hsa-miR-4770,0.0
1385,168785 : hsa-miR-520d-5p,0.0
1386,168786 : hsa-miR-3618,0.0
1387,168788 : hsa-miR-4790-5p,0.0
1388,168789 : hsa-miR-4686,0.0
1389,168790 : hsa-miR-3120-5p,0.0
1390,169416 : hsa-miRPlus-A1086,0.0
1391,168792 : hsa-miR-4434,0.0
1392,168793 : hsa-miR-4483,0.0
1393,168795 : hsa-miR-4706,0.0
1394,168796 : hsa-miR-3664-3p,0.0
1395,168798 : hsa-miR-4668-5p,0.0
1396,168799 : hsa-miR-4710,0.0
1397,168800 : hsa-miR-4724-5p,0.0
1398,168801 : hsa-miR-4477b,0.0
1399,168802 : hsa-miR-4516,0.0
1400,168803 : hsa-miR-4696,0.0
1401,168804 : hsa-miR-4761-3p,0.0
1402,168805 : hsa-miR-4478,0.0
1403,168806 : hsa-miR-4659a-3p,0.0
1404,168808 : hsa-miR-4779,0.0
1405,168809 : hsa-miR-5698,0.0
1406,168811 : hsa-miR-1255b-2-3p,0.0
1407,169417 : hsa-miR-551b-5p,0.0
1408,168814 : hsa-miR-4463,0.0
1409,169419 : hsa-miR-300,0.0
1410,168818 : hsa-miR-4774-5p,0.0
1411,169420 : hsa-miR-193b-5p,0.0
1412,168820 : hsa-miR-4711-5p,0.0
1413,168821 : hsa-miR-548ax,0.0
1414,10954 : hsa-miR-147a,0.0
1415,168825 : hsa-miR-4729,0.0
1416,168827 : hsa-miR-548ac,0.0
1417,168829 : hsa-miR-4794,0.0
1418,168831 : hsa-miR-433,0.0
1419,168832 : hsa-miR-4674,0.0
1420,168833 : hsa-miR-4660,0.0
1421,168834 : hsa-miR-5571-5p,0.0
1422,168836 : hsa-miR-4496,0.0
1423,168837 : hsa-miR-4793-3p,0.0
1424,168838 : hsa-miR-720,0.0
1425,168839 : hsa-miR-4774-3p,0.0
1426,168840 : hsa-miR-4457,0.0
1427,168841 : hsa-miR-5588-3p,0.0
1428,168843 : hsa-miR-5694,0.0
1429,168844 : hsa-miR-4532,0.0
1430,168846 : hsa-miR-1273f,0.0
1431,168847 : hsa-miR-4740-3p,0.0
1432,168848 : hsa-miR-4700-3p,0.0
1433,168849 : hsa-miR-4635,0.0
1434,168850 : hsa-miR-3191-5p,0.0
1435,168851 : hsa-miR-4650-3p,0.0
1436,168852 : hsa-miR-4764-5p,0.0
1437,168853 : hsa-miR-4671-5p,0.0
1438,168854 : hsa-miR-4498,0.0
1439,168855 : hsa-miR-4675,0.0
1440,168856 : hsa-miR-4494,0.0
1441,168857 : hsa-miR-2392,0.0
1442,168858 : hsa-miR-4638-3p,0.0
1443,168860 : hsa-miR-4766-5p,0.0
1444,168861 : hsa-miR-4754,0.0
1445,168862 : hsa-miR-1343,0.0
1446,10955 : hsa-miR-148a-3p,0.0
1447,168864 : hsa-miR-320d,0.0
1448,168866 : hsa-miR-4771,0.0
1449,168867 : hsa-miR-5003-3p,0.0
1450,168868 : hsa-miR-5681b,0.0
1451,168869 : hsa-miR-5010-3p,0.0
1452,168870 : hsa-miR-1246,0.0
1453,168871 : hsa-miR-151a-5p,0.0
1454,10967 : hsa-miR-16-5p,0.0
1455,168874 : hsa-miR-4535,0.0
1456,168875 : hsa-miR-5091,0.0
1457,168877 : hsa-miR-5583-5p,0.0
1458,168878 : hsa-miR-5100,0.0
1459,168879 : hsa-miR-4460,0.0
1460,168881 : hsa-miR-4720-3p,0.0
1461,168883 : hsa-miR-3689d,0.0
1462,168884 : hsa-miR-548aq-5p,0.0
1463,168885 : hsa-miR-5194,0.0
1464,168886 : hsa-miR-4745-5p,0.0
1465,168887 : hsa-miR-5089,0.0
1466,168889 : hsa-miR-4697-5p,0.0
1467,168890 : hsa-miR-1306-5p,0.0
1468,168891 : hsa-miR-1271-3p,0.0
1469,168892 : hsa-miR-4424,0.0
1470,168893 : hsa-miR-4505,0.0
1471,10976 : hsa-miR-182-3p,0.0
1472,168895 : hsa-miR-548ag,0.0
1473,168896 : hsa-miR-548ao-3p,0.0
1474,168897 : hsa-miR-5187-5p,0.0
1475,168898 : hsa-miR-5008-3p,0.0
1476,168899 : hsa-miR-1285-5p,0.0
1477,10977 : hsa-miR-183-5p,0.0
1478,168901 : hsa-miR-4742-5p,0.0
1479,168903 : hsa-miR-4439,0.0
1480,168904 : hsa-miR-4473,0.0
1481,168905 : hsa-miR-4509,0.0
1482,10990 : hsa-miR-196a-5p,0.0
1483,168908 : hsa-miR-4655-5p,0.0
1484,168909 : hsa-miR-3152-5p,0.0
1485,168910 : hsa-miR-4735-5p,0.0
1486,168911 : hsa-miR-4682,0.0
1487,168912 : hsa-miR-4446-3p,0.0
1488,168914 : hsa-miR-5689,0.0
1489,10995 : hsa-miR-199a-3p,0.0
1490,168916 : hsa-miR-4670-3p,0.0
1491,168917 : hsa-miR-4511,0.0
1492,168918 : hsa-miR-4491,0.0
1493,168919 : hsa-miR-4456,0.0
1494,168920 : hsa-miR-3117-5p,0.0
1495,168921 : hsa-miR-4718,0.0
1496,168922 : hsa-miR-5584-3p,0.0
1497,168923 : hsa-miR-4688,0.0
1498,168924 : hsa-miR-4720-5p,0.0
1499,10997 : hsa-miR-19a-3p,0.0
1500,168926 : hsa-miR-4776-5p,0.0
1501,168928 : hsa-miR-4431,0.0
1502,168929 : hsa-miR-4648,0.0
1503,168930 : hsa-miR-5582-5p,0.0
1504,168931 : hsa-miR-1280,0.0
1505,168932 : hsa-miR-5094,0.0
1506,168933 : hsa-miR-5581-3p,0.0
1507,168934 : hsa-miR-4999-5p,0.0
1508,168935 : hsa-miR-4687-3p,0.0
1509,168938 : hsa-miR-5692a,0.0
1510,168939 : hsa-miR-4738-5p,0.0
1511,168940 : hsa-miR-5579-5p,0.0
1512,168941 : hsa-miR-4501,0.0
1513,168942 : hsa-miR-4636,0.0
1514,168943 : hsa-miR-4769-3p,0.0
1515,168944 : hsa-miR-4707-5p,0.0
1516,168945 : hsa-miR-326,0.0
1517,168946 : hsa-miR-4673,0.0
1518,168947 : hsa-miR-3975,0.0
1519,168948 : hsa-miR-4514,0.0
1520,168949 : hsa-miR-4512,0.0
1521,168950 : hsa-miR-4646-3p,0.0
1522,168951 : hsa-miR-548as-3p,0.0
1523,168952 : hsa-miR-4781-3p,0.0
1524,168953 : hsa-miR-4704-5p,0.0
1525,168954 : hsa-miR-5580-5p,0.0
1526,168955 : hsa-miR-4756-3p,0.0
1527,168956 : hsa-miR-4524b-3p,0.0
1528,168958 : hsa-miR-2681-5p,0.0
1529,168959 : hsa-miR-4778-5p,0.0
1530,168960 : hsa-miR-4436a,0.0
1531,168962 : hsa-miR-548ab,0.0
1532,168963 : hsa-miR-644b-5p,0.0
1533,168964 : hsa-miR-4450,0.0
1534,168965 : hsa-miR-4765,0.0
1535,168967 : hsa-miR-4476,0.0
1536,168968 : hsa-miR-147b,0.0
1537,168970 : hsa-miR-5590-5p,0.0
1538,168971 : hsa-miR-4449,0.0
1539,168972 : hsa-miR-5004-3p,0.0
1540,168973 : hsa-miR-1268b,0.0
1541,168974 : hsa-miR-4757-5p,0.0
1542,168975 : hsa-miR-4528,0.0
1543,168976 : hsa-miR-3135b,0.0
1544,168978 : hsa-miR-371b-5p,0.0
1545,168979 : hsa-miR-4734,0.0
1546,168980 : hsa-miR-4324,0.0
1547,168982 : hsa-miR-4757-3p,0.0
1548,168983 : hsa-miR-2964a-3p,0.0
1549,168984 : hsa-miR-4637,0.0
1550,168985 : hsa-miR-4722-5p,0.0
1551,168986 : hsa-miR-4677-3p,0.0
1552,168987 : hsa-miR-4523,0.0
1553,168988 : hsa-miR-4799-5p,0.0
1554,168989 : hsa-miR-4447,0.0
1555,168990 : hsa-miR-5688,0.0
1556,168991 : hsa-miR-873-3p,0.0
1557,168992 : hsa-miR-5092,0.0
1558,168993 : hsa-miR-4799-3p,0.0
1559,168994 : hsa-miR-3591-5p,0.0
1560,168995 : hsa-miR-4791,0.0
1561,10998 : hsa-miR-19b-3p,0.0
1562,168997 : hsa-miR-5584-5p,0.0
1563,168998 : hsa-miR-4508,0.0
1564,168999 : hsa-miR-4749-3p,0.0
1565,169000 : hsa-miR-5707,0.0
1566,169001 : hsa-miR-4670-5p,0.0
1567,169002 : hsa-miR-4529-5p,0.0
1568,169003 : hsa-miR-4744,0.0
1569,169004 : hsa-miR-4798-5p,0.0
1570,169005 : hsa-miR-520b,0.0
1571,169006 : hsa-miR-4527,0.0
1572,169007 : hsa-miR-4746-3p,0.0
1573,169009 : hsa-miR-548ap-5p,0.0
1574,169010 : hsa-miR-2681-3p,0.0
1575,169011 : hsa-miR-4801,0.0
1576,169012 : hsa-miR-4711-3p,0.0
1577,169013 : hsa-miR-5195-5p,0.0
1578,169014 : hsa-miR-4714-3p,0.0
1579,169015 : hsa-miR-4454,0.0
1580,169016 : hsa-miR-4743,0.0
1581,169017 : hsa-miR-197-5p,0.0
1582,169018 : hsa-miR-4640-5p,0.0
1583,169019 : hsa-miR-4524a-5p,0.0
1584,169020 : hsa-miR-4506,0.0
1585,169021 : hsa-miR-4646-5p,0.0
1586,169022 : hsa-miR-4797-5p,0.0
1587,169023 : hsa-miR-4712-3p,0.0
1588,169024 : hsa-miR-3960,0.0
1589,169026 : hsa-miR-4679,0.0
1590,169027 : hsa-miR-3973,0.0
1591,169028 : hsa-miR-4708-3p,0.0
1592,169029 : hsa-miR-4471,0.0
1593,169030 : hsa-miR-5586-5p,0.0
1594,169031 : hsa-miR-4726-5p,0.0
1595,169032 : hsa-miR-4737,0.0
1596,169033 : hsa-miR-5680,0.0
1597,169034 : hsa-miR-642b-5p,0.0
1598,169035 : hsa-miR-4658,0.0
1599,169036 : hsa-miR-4745-3p,0.0
1600,169037 : hsa-miR-548aw,0.0
1601,169038 : hsa-miR-488-3p,0.0
1602,169039 : hsa-miR-4782-3p,0.0
1603,169040 : hsa-miR-4753-5p,0.0
1604,169041 : hsa-miR-1245b-3p,0.0
1605,169042 : hsa-miR-4704-3p,0.0
1606,169043 : hsa-miR-4462,0.0
1607,169045 : hsa-miR-4651,0.0
1608,169046 : hsa-miR-4715-5p,0.0
1609,169047 : hsa-miR-4665-3p,0.0
1610,169048 : hsa-miR-4736,0.0
1611,169049 : hsa-miR-3162-3p,0.0
1612,169050 : hsa-miR-4787-5p,0.0
1613,169052 : hsa-miR-4719,0.0
1614,169053 : hsa-miR-130b-5p,0.0
1615,169054 : hsa-miR-4422,0.0
1616,169055 : hsa-miR-3529-5p,0.0
1617,169056 : hsa-miR-4669,0.0
1618,169057 : hsa-miR-4659b-3p,0.0
1619,169059 : hsa-miR-642a-3p,0.0
1620,169061 : hsa-miR-548x-3p,0.0
1621,169062 : hsa-miR-3922-5p,0.0
1622,169063 : hsa-miR-4690-3p,0.0
1623,169064 : hsa-miR-4778-3p,0.0
1624,169065 : hsa-miR-378h,0.0
1625,169066 : hsa-miR-4802-3p,0.0
1626,11005 : hsa-miR-204-5p,0.0
1627,169068 : hsa-miR-513c-3p,0.0
1628,169069 : hsa-miR-3977,0.0
1629,169070 : hsa-miR-4695-3p,0.0
1630,169071 : hsa-miR-4639-5p,0.0
1631,169072 : hsa-miR-3925-3p,0.0
1632,169073 : hsa-miR-584-3p,0.0
1633,169074 : hsa-miR-3972,0.0
1634,169076 : hsa-miR-345-3p,0.0
1635,169078 : hsa-miR-548ai,0.0
1636,169079 : hsa-miR-4667-5p,0.0
1637,169080 : hsa-miR-4684-5p,0.0
1638,169081 : hsa-miR-4707-3p,0.0
1639,169082 : hsa-miR-1275,0.0
1640,169083 : hsa-miR-371b-3p,0.0
1641,169084 : hsa-miR-5708,0.0
1642,169085 : hsa-miR-5007-5p,0.0
1643,169086 : hsa-miR-4786-5p,0.0
1644,169087 : hsa-miR-149-3p,0.0
1645,169088 : hsa-miR-4492,0.0
1646,169089 : hsa-miR-4470,0.0
1647,169090 : hsa-miR-5186,0.0
1648,169091 : hsa-miR-5006-5p,0.0
1649,169092 : hsa-miR-548am-3p,0.0
1650,169094 : hsa-miR-4482-3p,0.0
1651,169095 : hsa-miR-548ah-3p,0.0
1652,169096 : hsa-miR-4804-3p,0.0
1653,169097 : hsa-miR-4735-3p,0.0
1654,169098 : hsa-miR-3691-3p,0.0
1655,169099 : hsa-miR-4790-3p,0.0
1656,169100 : hsa-miR-4758-3p,0.0
1657,169101 : hsa-miR-4469,0.0
1658,169102 : hsa-miR-4639-3p,0.0
1659,169103 : hsa-miR-4652-3p,0.0
1660,169106 : hsa-miR-4783-3p,0.0
1661,169107 : hsa-miR-4782-5p,0.0
1662,169108 : hsa-miR-4713-5p,0.0
1663,169109 : hsa-miR-5003-5p,0.0
1664,169110 : hsa-miR-4497,0.0
1665,169112 : hsa-miR-4727-3p,0.0
1666,169113 : hsa-miR-4755-5p,0.0
1667,169115 : hsa-miR-450a-3p,0.0
1668,169116 : hsa-miR-4788,0.0
1669,169117 : hsa-miR-4759,0.0
1670,169118 : hsa-miR-5009-3p,0.0
1671,169119 : hsa-miR-4786-3p,0.0
1672,169120 : hsa-miR-4787-3p,0.0
1673,169121 : hsa-miR-1295b-3p,0.0
1674,11007 : hsa-miR-206,0.0
1675,169123 : hsa-miR-3184-3p,0.0
1676,169124 : hsa-miR-548aj-3p,0.0
1677,169125 : hsa-miR-4418,0.0
1678,169126 : hsa-miR-4486,0.0
1679,169128 : hsa-miR-4510,0.0
1680,169129 : hsa-miR-4284,0.0
1681,169130 : hsa-miR-4764-3p,0.0
1682,169131 : hsa-miR-4724-3p,0.0
1683,169132 : hsa-miR-382-3p,0.0
1684,169133 : hsa-miR-4537,0.0
1685,169134 : hsa-miR-4519,0.0
1686,168863 : hsa-miR-4441,0.0
1687,169136 : hsa-miR-5006-3p,0.0
1688,169137 : hsa-miR-4524b-5p,0.0
1689,169138 : hsa-miR-4504,0.0
1690,169139 : hsa-miR-5192,0.0
1691,169140 : hsa-miR-3150a-5p,0.0
1692,169141 : hsa-miR-4423-3p,0.0
1693,169142 : hsa-miR-550a-5p,0.0
1694,169143 : hsa-miR-4459,0.0
1695,169144 : hsa-miR-1273g-5p,0.0
1696,169145 : hsa-miR-5000-3p,0.0
1697,169147 : hsa-miR-548am-5p,0.0
1698,169149 : hsa-miR-4659b-5p,0.0
1699,169151 : hsa-miR-4526,0.0
1700,169152 : hsa-miR-5690,0.0
1701,169154 : hsa-miR-4803,0.0
1702,169155 : hsa-miR-4480,0.0
1703,169156 : hsa-miR-4515,0.0
1704,169157 : hsa-miR-4755-3p,0.0
1705,11011 : hsa-miR-211-5p,0.0
1706,169160 : hsa-miR-4633-3p,0.0
1707,169161 : hsa-miR-4489,0.0
1708,169162 : hsa-miR-5691,0.0
1709,169163 : hsa-miR-4685-5p,0.0
1710,169164 : hsa-miR-4705,0.0
1711,169165 : hsa-miR-5585-5p,0.0
1712,169166 : hsa-miR-4683,0.0
1713,169167 : hsa-miR-4451,0.0
1714,169168 : hsa-miR-5580-3p,0.0
1715,169169 : hsa-miR-5684,0.0
1716,169170 : hsa-miR-4472,0.0
1717,169171 : hsa-miR-4436b-5p,0.0
1718,169172 : hsa-miR-4445-3p,0.0
1719,169173 : hsa-miR-5590-3p,0.0
1720,169174 : hsa-miR-4709-5p,0.0
1721,169176 : hsa-miR-5587-5p,0.0
1722,169177 : hsa-miR-4664-3p,0.0
1723,169178 : hsa-miR-4665-5p,0.0
1724,169179 : hsa-miR-4650-5p,0.0
1725,169181 : hsa-miR-5191,0.0
1726,169182 : hsa-miR-4728-3p,0.0
1727,169183 : hsa-miR-4644,0.0
1728,169184 : hsa-miR-1304-3p,0.0
1729,169185 : hsa-miR-5187-3p,0.0
1730,11013 : hsa-miR-181a-3p,0.0
1731,169187 : hsa-miRPlus-C1110,0.0
1732,169188 : hsa-miR-4443,0.0
1733,169189 : hsa-miR-4795-5p,0.0
1734,169192 : hsa-miR-4437,0.0
1735,169193 : hsa-miR-4725-5p,0.0
1736,169194 : hsa-miR-4513,0.0
1737,169195 : hsa-miR-4798-3p,0.0
1738,169196 : hsa-miR-5705,0.0
1739,169197 : hsa-miR-4662a-3p,0.0
1740,169198 : hsa-miR-3145-5p,0.0
1741,169199 : hsa-miR-4518,0.0
1742,169200 : hsa-miR-4677-5p,0.0
1743,169201 : hsa-miR-5047,0.0
1744,169202 : hsa-miR-1277-5p,0.0
1745,169203 : hsa-miR-5095,0.0
1746,169204 : hsa-miR-4709-3p,0.0
1747,169205 : hsa-miR-4640-3p,0.0
1748,169206 : hsa-miR-4645-3p,0.0
1749,169207 : hsa-miR-4804-5p,0.0
1750,169209 : hsa-miR-4662b,0.0
1751,169210 : hsa-miR-3187-5p,0.0
1752,169211 : hsa-miR-5704,0.0
1753,169212 : hsa-miR-514a-5p,0.0
1754,169213 : hsa-miR-4768-3p,0.0
1755,169214 : hsa-miR-4638-5p,0.0
1756,169216 : hsa-miR-4701-3p,0.0
1757,169217 : hsa-miR-2467-5p,0.0
1758,169218 : hsa-miR-5189,0.0
1759,169219 : hsa-miR-5591-5p,0.0
1760,169220 : hsa-miR-4697-3p,0.0
1761,169221 : hsa-miR-4748,0.0
1762,169222 : hsa-miR-4760-5p,0.0
1763,169223 : hsa-miR-4680-3p,0.0
1764,169224 : hsa-miR-4440,0.0
1765,169225 : hsa-miR-640,0.0
1766,169226 : hsa-miR-4419a,0.0
1767,169227 : hsa-miR-3064-5p,0.0
1768,169228 : hsa-miR-4698,0.0
1769,169229 : hsa-miR-4666b,0.0
1770,169230 : hsa-miR-4747-3p,0.0
1771,169231 : hsa-miR-4766-3p,0.0
1772,169232 : hsa-miR-3156-3p,0.0
1773,169233 : hsa-miR-4643,0.0
1774,169234 : hsa-miR-4663,0.0
1775,169235 : hsa-miR-4420,0.0
1776,169236 : hsa-miR-659-5p,0.0
1777,169237 : hsa-miR-5697,0.0
1778,169238 : hsa-miR-4654,0.0
1779,169239 : hsa-miR-4732-5p,0.0
1780,169240 : hsa-miR-3944-5p,0.0
1781,169241 : hsa-miR-5571-3p,0.0
1782,169242 : hsa-miR-5686,0.0
1783,169243 : hsa-miR-3682-5p,0.0
1784,169244 : hsa-miR-5572,0.0
1785,169245 : hsa-miR-2467-3p,0.0
1786,169247 : hsa-miR-4477a,0.0
1787,169249 : hsa-miR-4482-5p,0.0
1788,169251 : hsa-miR-4653-5p,0.0
1789,169252 : hsa-miR-4712-5p,0.0
1790,169253 : hsa-miR-4690-5p,0.0
1791,169254 : hsa-miR-4762-3p,0.0
1792,169255 : hsa-miR-4708-5p,0.0
1793,169256 : hsa-miR-4666a-5p,0.0
1794,169257 : hsa-miR-4740-5p,0.0
1795,169258 : hsa-miR-5692c,0.0
1796,169259 : hsa-miR-4773,0.0
1797,169260 : hsa-miR-4436b-3p,0.0
1798,169261 : hsa-miR-4772-3p,0.0
1799,169262 : hsa-miR-5009-5p,0.0
1800,169263 : hsa-miR-4634,0.0
1801,169264 : hsa-miR-4762-5p,0.0
1802,169265 : hsa-miR-4733-3p,0.0
1803,169266 : hsa-miR-378d,0.0
1804,169267 : hsa-miR-548aj-5p,0.0
1805,169269 : hsa-miR-4499,0.0
1806,169270 : hsa-miR-4458,0.0
1807,169271 : hsa-miR-4784,0.0
1808,169272 : hsa-miR-4419b,0.0
1809,169273 : hsa-miR-548ar-3p,0.0
1810,169274 : hsa-miR-5196-3p,0.0
1811,169275 : hsa-miR-548aq-3p,0.0
1812,169276 : hsa-miR-4474-3p,0.0
1813,169278 : hsa-miR-4525,0.0
1814,169279 : hsa-miR-499b-3p,0.0
1815,169281 : hsa-miR-4752,0.0
1816,169282 : hsa-miR-4290,0.0
1817,169285 : hsa-miR-4467,0.0
1818,169287 : hsa-miR-548as-5p,0.0
1819,169288 : hsa-miR-4730,0.0
1820,11014 : hsa-miR-214-3p,0.0
1821,169292 : hsa-miR-4717-5p,0.0
1822,169293 : hsa-miR-4661-3p,0.0
1823,169295 : hsa-miR-4725-3p,0.0
1824,169296 : hsa-miR-5004-5p,0.0
1825,169297 : hsa-miR-4777-3p,0.0
1826,169298 : hsa-miR-4433-5p,0.0
1827,169299 : hsa-miR-4538,0.0
1828,169302 : hsa-miR-4695-5p,0.0
1829,169303 : hsa-miR-378g,0.0
1830,169304 : hsa-miR-4793-5p,0.0
1831,169305 : hsa-miR-4455,0.0
1832,169306 : hsa-miR-4758-5p,0.0
1833,169307 : hsa-miR-4685-3p,0.0
1834,169308 : hsa-miR-4503,0.0
1835,169309 : hsa-miR-4802-5p,0.0
1836,169310 : hsa-miR-3913-3p,0.0
1837,169311 : hsa-miR-4714-5p,0.0
1838,169312 : hsa-miR-548an,0.0
1839,169313 : hsa-miR-4800-3p,0.0
1840,11018 : hsa-miR-218-5p,0.0
1841,169315 : hsa-miR-4676-3p,0.0
1842,169316 : hsa-miR-3976,0.0
1843,169317 : hsa-miR-3614-5p,0.0
1844,169318 : hsa-miR-4649-3p,0.0
1845,169319 : hsa-miR-3136-3p,0.0
1846,169320 : hsa-miR-4468,0.0
1847,169321 : hsa-miR-4691-3p,0.0
1848,169322 : hsa-miR-4534,0.0
1849,169323 : hsa-miR-4723-3p,0.0
1850,169324 : hsa-miR-4642,0.0
1851,169325 : hsa-miR-4446-5p,0.0
1852,169326 : hsa-miR-451b,0.0
1853,169328 : hsa-miR-4769-5p,0.0
1854,11020 : hsa-miR-22-3p,0.0
1855,169330 : hsa-miR-23b-3p,0.0
1856,169333 : hsa-miR-3194-3p,0.0
1857,169334 : hsa-miR-548ao-5p,0.0
1858,169335 : hsa-miR-4699-5p,0.0
1859,169336 : hsa-miR-17-5p,0.0
1860,169337 : hsa-miR-3155a,0.0
1861,169338 : hsa-miR-4727-5p,0.0
1862,169339 : hsa-miR-5579-3p,0.0
1863,169341 : hsa-miR-4632,0.0
1864,169342 : hsa-miR-5090,0.0
1865,169343 : hsa-miR-5682,0.0
1866,169345 : hsa-miR-5008-5p,0.0
1867,169346 : hsa-miR-5195-3p,0.0
1868,169349 : hsa-miR-4517,0.0
1869,169350 : hsa-miR-4781-5p,0.0
1870,169353 : hsa-miR-5582-3p,0.0
1871,169354 : hsa-miR-4493,0.0
1872,169355 : hsa-miR-2355-5p,0.0
1873,169356 : hsa-miR-548aa,0.0
1874,169357 : hsa-miR-4689,0.0
1875,169358 : hsa-miR-4417,0.0
1876,169359 : hsa-miR-3160-5p,0.0
1877,169360 : hsa-miR-4445-5p,0.0
1878,169361 : hsa-miR-4481,0.0
1879,169362 : hsa-miR-5591-3p,0.0
1880,169363 : hsa-miR-320c,0.0
1881,169365 : hsa-miR-3974,0.0
1882,169366 : hsa-miR-548ae,0.0
1883,169367 : hsa-miR-4444,0.0
1884,11022 : hsa-miR-221-3p,0.0
1885,169369 : hsa-miR-4490,0.0
1886,169370 : hsa-miR-4693-5p,0.0
1887,169371 : hsa-miR-4474-5p,0.0
1888,169372 : hsa-miR-5011-3p,0.0
1889,169375 : hsa-miR-660-3p,0.0
1890,169376 : hsa-miR-5701,0.0
1891,169377 : hsa-miR-4715-3p,0.0
1892,169378 : hsa-miR-4430,0.0
1893,169379 : hsa-miR-4694-3p,0.0
1894,169380 : hsa-miR-3124-3p,0.0
1895,10138 : hsa-miR-130a-3p,0.0
1896,10306 : hsa-miR-146b-5p,0.0
1897,10901 : hsa_negative_control_6,0.0
1898,10902 : hsa_negative_control_7,0.0
1899,11023 : hsa-miR-222-3p,0.0
1900,11024 : hsa-miR-223-3p,0.0
1901,11037 : hsa-miR-299-3p,0.0
1902,10923 : hsa-miR-107,0.0
1903,10925 : hsa-miR-10b-5p,0.0
1904,10928 : hsa-miR-125a-5p,0.0
1905,11038 : hsa-miR-299-5p,0.0
1906,10937 : hsa-miR-132-3p,0.0
1907,10943 : hsa-miR-136-5p,0.0
1908,11040 : hsa-miR-29b-3p,0.0
1909,11041 : hsa-miR-29c-3p,0.0
1910,11043 : hsa-miR-302b-3p,0.0
1911,11044 : hsa-miR-302c-3p,0.0
1912,169382 : hsa-miR-4680-5p,0.0
1913,169383 : hsa-miR-548ah-5p,0.0
1914,169384 : hsa-miR-1295b-5p,0.0
1915,169385 : hsa-miR-4500,0.0
1916,169386 : hsa-miR-4427,0.0
1917,169387 : hsa-miR-5703,0.0
1918,169388 : hsa-miR-663a,0.0
1919,169389 : hsa-miR-4717-3p,0.0
1920,169390 : hsa-miR-4800-5p,0.0
1921,11052 : hsa-miR-31-5p,0.0
1922,169393 : hsa-miR-4747-5p,0.0
1923,169395 : hsa-miR-4484,0.0
1924,169396 : hsa-miR-5700,0.0
1925,169397 : hsa-miR-3184-5p,0.0
1926,169135 : hsa-miR-3173-5p,0.0
